date,Bitcoin,Ethereum,Binance Coin,Cardano,Tether,Ripple,Solana
2019-12-01,8.47,1.8599999999999999,0.65,0.78,25.92,11.02,5.53
2019-12-02,9.57,1.68,0.38,1.48,19.2,13.49,3.6400000000000006
2019-12-03,8.8,2.4899999999999998,0.2,1.6,17.28,11.97,4.48
2019-12-04,9.24,1.77,0.0,0.8,20.8,14.44,4.9
2019-12-05,8.69,2.25,0.8,1.86,26.88,12.92,6.0200000000000005
2019-12-06,8.91,2.1,0.41000000000000003,1.16,21.76,11.97,4.48
2019-12-07,7.92,1.71,0.45,1.28,26.88,16.91,4.62
2019-12-08,6.800000000000001,1.4000000000000001,0.45,1.38,27.540000000000003,9.520000000000001,5.5200000000000005
2019-12-09,7.7,1.48,0.61,2.82,13.600000000000001,11.22,5.5200000000000005
2019-12-10,7.800000000000001,1.46,0.8,1.56,34.0,10.030000000000001,3.52
2019-12-11,8.200000000000001,1.42,0.0,1.7999999999999998,22.1,7.99,5.12
2019-12-12,8.1,1.5,1.0,2.55,23.46,10.540000000000001,3.52
2019-12-13,7.6000000000000005,1.3,0.21,2.37,30.94,8.84,7.36
2019-12-14,7.800000000000001,0.88,0.22,2.31,23.12,11.56,6.32
2019-12-15,7.81,1.29,0.65,2.1,26.88,21.0,6.93
2019-12-16,9.35,2.58,0.4,2.04,20.16,13.65,5.3999999999999995
2019-12-17,11.0,2.2199999999999998,0.6,2.67,21.12,16.169999999999998,5.76
2019-12-18,10.67,3.0,0.59,3.0,22.72,16.169999999999998,7.83
2019-12-19,9.57,2.55,0.61,1.8599999999999999,21.44,10.709999999999999,9.0
2019-12-20,9.35,1.65,0.43,2.2199999999999998,23.68,15.54,8.1
2019-12-21,8.03,1.77,0.7000000000000001,2.67,21.12,13.65,6.029999999999999
2019-12-22,8.69,1.7999999999999998,0.46,0.8200000000000001,20.8,12.920000000000002,3.7600000000000002
2019-12-23,9.24,1.74,0.43,1.74,23.68,12.41,7.2
2019-12-24,8.47,2.28,0.7000000000000001,1.8,22.400000000000002,12.920000000000002,4.48
2019-12-25,8.36,2.28,0.0,0.9,21.76,10.540000000000001,4.32
2019-12-26,8.69,2.55,0.44,1.1400000000000001,22.080000000000002,11.39,6.0
2019-12-27,8.8,1.92,0.88,1.76,17.92,10.540000000000001,5.6000000000000005
2019-12-28,7.48,2.79,0.68,1.28,23.04,9.520000000000001,7.04
2019-12-29,8.14,2.37,0.23,1.1,29.749999999999996,8.48,5.68
2019-12-30,8.47,2.76,0.42,1.02,17.849999999999998,8.48,5.2
2019-12-31,8.03,2.4299999999999997,0.46,1.02,20.65,10.24,4.72
2020-01-01,6.2700000000000005,1.74,0.14,0.8,18.9,8.96,6.0
2020-01-02,7.37,2.13,0.12,0.54,25.549999999999997,8.32,4.72
2020-01-03,7.59,2.2199999999999998,0.24,0.48,25.2,9.92,5.2
2020-01-04,7.48,1.8599999999999999,0.38,0.62,24.849999999999998,9.28,7.12
2020-01-05,9.24,1.53,0.13,0.78,16.34,9.88,5.5200000000000005
2020-01-06,9.940000000000001,1.74,0.46,1.5,29.64,13.68,5.68
2020-01-07,12.740000000000002,1.8599999999999999,0.46,1.6199999999999999,36.1,12.73,5.36
2020-01-08,13.440000000000001,2.25,0.79,1.3199999999999998,26.22,12.540000000000001,5.28
2020-01-09,10.920000000000002,2.19,0.11,1.05,31.54,12.16,7.2
2020-01-10,11.340000000000002,1.5899999999999999,0.35000000000000003,1.71,25.84,10.45,6.48
2020-01-11,10.22,2.01,0.13,1.17,32.68,11.59,6.08
2020-01-12,9.100000000000001,2.2800000000000002,0.0,0.9299999999999999,28.71,12.18,8.82
2020-01-13,9.66,2.56,0.31,1.68,23.43,11.76,7.47
2020-01-14,13.440000000000001,3.52,0.2,1.89,27.720000000000002,14.28,6.66
2020-01-15,14.000000000000002,3.36,1.0,1.65,11.55,18.06,9.0
2020-01-16,10.64,2.8000000000000003,0.22,1.56,20.46,14.7,6.029999999999999
2020-01-17,11.200000000000001,3.56,0.58,1.92,20.46,14.28,7.199999999999999
2020-01-18,10.780000000000001,2.84,0.13,1.56,22.44,13.44,5.76
2020-01-19,9.959999999999999,2.2199999999999998,0.75,1.29,23.369999999999997,21.0,8.4
2020-01-20,9.719999999999999,1.8599999999999999,0.34,2.25,28.29,13.02,8.3
2020-01-21,8.64,2.1,0.34,1.7999999999999998,30.34,13.44,8.5
2020-01-22,8.04,1.8299999999999998,0.0,1.26,23.779999999999998,12.809999999999999,10.0
2020-01-23,8.28,1.8299999999999998,0.34,0.84,34.44,12.809999999999999,7.4
2020-01-24,8.28,2.1,0.12,1.08,41.0,14.07,9.5
2020-01-25,7.319999999999999,1.98,0.38,0.9299999999999999,38.129999999999995,12.809999999999999,6.0
2020-01-26,7.930000000000001,2.0,0.25,0.92,23.43,11.34,7.5200000000000005
2020-01-27,8.97,2.52,0.0,2.44,20.130000000000003,11.16,5.6000000000000005
2020-01-28,10.530000000000001,4.0,0.22,3.2,24.09,9.9,6.32
2020-01-29,11.57,4.0,0.22,4.0,13.200000000000001,11.34,6.96
2020-01-30,11.05,3.44,0.23,2.2,24.42,10.799999999999999,5.2
2020-01-31,10.4,2.88,0.34,2.08,29.37,9.36,6.72
2020-02-01,8.450000000000001,1.28,0.0,1.28,22.77,12.42,8.0
2020-02-02,8.84,2.6399999999999997,0.5700000000000001,2.2800000000000002,15.68,14.28,5.12
2020-02-03,8.84,2.76,0.7000000000000001,2.08,23.68,12.18,5.6000000000000005
2020-02-04,9.88,2.34,0.38,2.0,24.64,13.44,3.7600000000000002
2020-02-05,9.75,2.52,0.5,2.56,15.36,16.59,7.12
2020-02-06,10.530000000000001,3.3,0.9,3.2,23.68,15.959999999999999,4.5600000000000005
2020-02-07,10.4,4.38,0.53,4.0,19.52,14.91,6.0
2020-02-08,10.14,3.12,0.14,2.16,18.240000000000002,15.33,5.44
2020-02-09,15.84,4.16,0.56,3.0,25.919999999999998,20.75,5.2
2020-02-10,14.4,3.7600000000000002,1.0,3.84,28.08,19.25,5.84
2020-02-11,14.08,4.5600000000000005,1.46,3.04,29.52,15.75,4.48
2020-02-12,16.0,8.0,1.48,3.52,20.52,24.0,4.24
2020-02-13,14.4,6.4,2.0,3.12,30.24,25.0,5.12
2020-02-14,12.8,5.2,0.78,3.0,16.919999999999998,21.0,4.96
2020-02-15,12.48,6.640000000000001,0.56,2.64,36.0,18.0,5.92
2020-02-16,11.06,4.02,0.84,2.88,28.0,20.240000000000002,7.83
2020-02-17,11.200000000000001,3.48,1.24,2.56,37.2,18.400000000000002,7.47
2020-02-18,11.200000000000001,4.14,0.74,2.52,20.400000000000002,17.02,4.2299999999999995
2020-02-19,11.9,4.02,1.46,2.92,23.200000000000003,16.330000000000002,5.04
2020-02-20,11.760000000000002,3.36,0.98,3.4,30.400000000000002,16.1,7.199999999999999
2020-02-21,11.06,3.1799999999999997,0.76,2.84,21.6,14.950000000000001,8.19
2020-02-22,9.38,2.6999999999999997,0.28,2.12,34.0,14.950000000000001,6.569999999999999
2020-02-23,9.24,2.2,0.14,2.84,13.33,17.22,6.48
2020-02-24,10.64,2.4000000000000004,0.37,1.44,17.05,10.5,6.88
2020-02-25,11.340000000000002,2.3000000000000003,0.49,2.84,23.56,15.75,5.04
2020-02-26,11.620000000000001,2.25,0.24,2.44,22.01,15.33,5.76
2020-02-27,12.32,2.15,0.0,2.56,13.64,12.809999999999999,7.12
2020-02-28,13.020000000000001,2.5,0.0,2.32,12.4,14.07,6.24
2020-02-29,10.080000000000002,2.15,0.14,2.8000000000000003,26.04,15.33,6.88
2020-03-01,3.77,1.96,0.0,2.31,17.68,15.39,3.84
2020-03-02,3.9000000000000004,2.08,0.12,2.6399999999999997,19.380000000000003,12.73,4.16
2020-03-03,3.9000000000000004,2.08,0.25,2.34,18.02,14.44,3.68
2020-03-04,4.29,2.2,0.25,1.8299999999999998,17.34,15.96,3.84
2020-03-05,4.42,2.24,0.25,3.0,22.1,14.82,3.12
2020-03-06,4.16,2.36,0.39,1.71,16.66,15.01,3.84
2020-03-07,3.77,2.08,0.71,2.13,20.060000000000002,14.82,4.0
2020-03-08,6.9,3.1799999999999997,0.28,1.8599999999999999,31.82,21.0,4.84
2020-03-09,12.190000000000001,4.2,0.25,1.6199999999999999,25.16,17.64,5.5
2020-03-10,9.200000000000001,3.78,0.5,1.53,16.28,17.849999999999998,4.18
2020-03-11,8.280000000000001,3.12,0.37,2.34,21.09,15.54,4.51
2020-03-12,17.02,5.58,0.24,2.61,22.57,19.529999999999998,4.18
2020-03-13,23.0,6.0,1.0,1.77,19.98,20.37,6.16
2020-03-14,14.030000000000001,5.52,0.56,2.07,27.009999999999998,14.49,11.0
2020-03-15,14.25,3.1,0.28,2.2199999999999998,24.48,16.72,3.44
2020-03-16,18.0,3.85,0.48,2.4,18.0,14.06,3.2
2020-03-17,15.0,3.1500000000000004,0.36,2.01,21.24,14.63,3.12
2020-03-18,14.25,3.0500000000000003,0.87,1.8599999999999999,24.119999999999997,14.44,4.0
2020-03-19,14.25,3.6,0.25,1.23,22.32,15.77,3.12
2020-03-20,14.25,3.45,0.0,2.19,20.16,15.2,2.88
2020-03-21,12.25,2.45,0.14,2.6999999999999997,36.0,12.92,2.64
2020-03-22,8.55,2.44,0.55,1.5899999999999999,24.15,11.05,2.45
2020-03-23,9.120000000000001,2.24,0.23,1.71,19.95,10.71,2.45
2020-03-24,9.31,2.32,0.59,1.8599999999999999,16.45,12.750000000000002,3.2900000000000005
2020-03-25,8.36,2.0,0.25,2.55,17.849999999999998,10.71,3.0100000000000002
2020-03-26,7.79,1.96,0.12,1.71,22.049999999999997,12.750000000000002,2.24
2020-03-27,7.22,2.08,0.23,1.3499999999999999,21.349999999999998,13.940000000000001,2.5200000000000005
2020-03-28,7.41,1.8800000000000001,0.26,2.07,19.95,12.41,2.45
2020-03-29,6.08,1.8,0.27,1.65,21.09,14.4,2.66
2020-03-30,6.24,2.08,0.46,1.92,24.05,13.76,2.1700000000000004
2020-03-31,5.44,2.08,0.46,1.7999999999999998,19.24,10.4,1.9600000000000002
2020-04-01,8.8,2.04,0.43,1.38,28.49,9.92,2.1700000000000004
2020-04-02,9.76,2.0,0.29,1.6199999999999999,25.53,14.08,2.5900000000000003
2020-04-03,9.6,1.6400000000000001,0.15,1.56,25.16,12.0,2.66
2020-04-04,9.120000000000001,2.2800000000000002,0.5,1.05,26.64,14.08,1.8900000000000001
2020-04-05,8.64,2.6,0.33,0.64,19.11,13.260000000000002,2.24
2020-04-06,10.56,3.1,0.15,0.98,17.55,13.770000000000001,3.2
2020-04-07,10.08,4.55,0.59,0.9400000000000001,27.3,14.450000000000001,3.7600000000000002
2020-04-08,9.6,2.95,0.74,0.76,39.0,14.280000000000001,3.92
2020-04-09,9.120000000000001,3.0500000000000003,0.91,0.64,25.740000000000002,12.58,2.64
2020-04-10,9.92,2.6,0.32,0.9,24.18,13.600000000000001,3.92
2020-04-11,8.96,2.0500000000000003,0.33,0.74,27.3,12.41,3.44
2020-04-12,8.4,2.48,0.68,1.53,23.01,13.139999999999999,4.0
2020-04-13,8.85,2.12,0.15,1.5,23.01,18.0,10.0
2020-04-14,8.549999999999999,2.04,0.15,1.6199999999999999,24.57,14.58,4.1000000000000005
2020-04-15,8.25,1.8800000000000001,0.88,1.2,27.3,14.94,4.0
2020-04-16,9.299999999999999,2.2,0.44,1.05,30.42,16.2,3.3000000000000003
2020-04-17,8.25,2.32,0.59,1.05,23.400000000000002,13.32,3.6
2020-04-18,8.4,3.4,0.66,1.5899999999999999,21.45,15.479999999999999,4.1000000000000005
2020-04-19,8.64,4.25,0.0,1.1099999999999999,29.52,11.25,2.5200000000000005
2020-04-20,8.48,3.2,0.43,0.96,28.7,10.5,2.31
2020-04-21,9.120000000000001,3.0500000000000003,0.43,0.75,28.29,13.95,2.1
2020-04-22,8.8,3.1,0.59,1.2,21.32,11.7,2.5900000000000003
2020-04-23,9.44,3.0,0.14,1.71,29.52,12.6,2.3800000000000003
2020-04-24,9.6,3.2,0.45,2.4299999999999997,27.47,13.95,2.0300000000000002
2020-04-25,9.6,3.4000000000000004,0.8200000000000001,2.07,30.34,10.95,2.66
2020-04-26,12.4,5.880000000000001,2.0,2.44,22.959999999999997,15.600000000000001,1.98
2020-04-27,12.0,5.11,1.74,4.0,25.83,17.400000000000002,2.04
2020-04-28,11.600000000000001,5.460000000000001,1.44,2.7600000000000002,26.24,19.0,1.98
2020-04-29,17.2,6.580000000000001,1.16,2.88,27.47,18.6,2.16
2020-04-30,20.0,7.000000000000001,1.68,3.7600000000000002,24.189999999999998,19.8,1.7999999999999998
2020-05-01,10.8,5.180000000000001,2.0,0.8,29.52,11.600000000000001,3.84
2020-05-02,10.600000000000001,4.83,0.26,0.8,22.959999999999997,12.8,2.88
2020-05-03,11.66,5.04,1.06,1.28,41.85,12.42,3.7800000000000002
2020-05-04,11.0,4.02,0.92,1.48,27.900000000000002,12.059999999999999,4.83
2020-05-05,11.0,4.38,1.06,1.12,31.95,13.32,4.760000000000001
2020-05-06,12.32,4.68,0.92,1.6,31.05,12.6,4.2700000000000005
2020-05-07,15.18,5.34,1.86,1.52,31.95,10.44,4.9
2020-05-08,16.94,4.8,1.46,1.8,36.0,10.799999999999999,5.11
2020-05-09,14.08,4.32,0.8,1.32,41.4,14.399999999999999,5.11
2020-05-10,22.36,6.0,1.6,1.12,34.019999999999996,21.0,4.62
2020-05-11,26.0,4.26,0.7000000000000001,1.4000000000000001,35.699999999999996,14.7,5.74
2020-05-12,19.5,4.62,1.1400000000000001,1.6,25.2,11.969999999999999,4.550000000000001
2020-05-13,16.12,3.96,1.86,1.8,29.4,12.809999999999999,5.180000000000001
2020-05-14,16.12,4.26,0.68,1.12,32.76,12.6,5.11
2020-05-15,14.56,4.08,0.96,1.16,37.8,15.12,4.760000000000001
2020-05-16,13.0,4.14,1.8800000000000001,1.36,26.459999999999997,14.07,3.3600000000000003
2020-05-17,9.18,3.45,0.4,1.08,35.64,9.9,4.970000000000001
2020-05-18,9.18,3.85,0.47000000000000003,0.96,40.04,11.879999999999999,3.1500000000000004
2020-05-19,8.459999999999999,2.9000000000000004,0.46,1.02,26.4,12.42,4.340000000000001
2020-05-20,8.64,3.0,0.36,0.78,27.28,10.08,4.550000000000001
2020-05-21,9.54,3.3000000000000003,0.24,1.14,32.12,10.62,5.390000000000001
2020-05-22,8.64,3.1,0.12,1.3199999999999998,33.44,11.7,3.22
2020-05-23,7.199999999999999,3.35,0.27,0.6,38.72,9.36,7.000000000000001
2020-05-24,6.88,3.2399999999999998,0.54,2.6,31.6,12.78,5.6000000000000005
2020-05-25,7.04,3.6599999999999997,0.48,1.55,40.0,10.44,5.040000000000001
2020-05-26,6.88,3.9,0.9400000000000001,1.6,32.4,12.78,6.090000000000001
2020-05-27,6.5600000000000005,3.84,1.6400000000000001,1.85,30.400000000000002,12.6,5.53
2020-05-28,6.4,3.9,1.6600000000000001,2.8000000000000003,26.400000000000002,10.44,5.6000000000000005
2020-05-29,6.72,4.5,0.24,3.75,30.400000000000002,10.98,5.250000000000001
2020-05-30,6.24,5.9399999999999995,1.08,2.8000000000000003,18.0,10.08,6.44
2020-05-31,6.24,4.859999999999999,0.8200000000000001,6.0,28.56,11.05,8.82
2020-06-01,11.52,4.92,0.88,6.0,21.84,11.22,8.19
2020-06-02,16.0,6.0,1.1,4.5,24.36,13.940000000000001,7.56
2020-06-03,12.8,4.68,0.62,5.7,32.76,14.620000000000001,5.31
2020-06-04,12.64,3.96,0.42,5.58,30.66,15.98,6.12
2020-06-05,11.52,4.38,1.28,4.859999999999999,33.18,15.13,9.0
2020-06-06,10.72,3.6599999999999997,2.0,5.1,27.72,12.750000000000002,5.22
2020-06-07,9.520000000000001,2.95,1.52,4.0,38.7,14.76,6.66
2020-06-08,9.8,3.4000000000000004,1.46,4.05,37.800000000000004,12.059999999999999,6.4799999999999995
2020-06-09,10.22,3.5500000000000003,1.26,4.3500000000000005,34.65,15.299999999999999,8.01
2020-06-10,9.66,3.6,0.66,3.6500000000000004,31.5,14.58,6.21
2020-06-11,10.780000000000001,3.7,1.32,2.85,33.300000000000004,18.0,9.0
2020-06-12,9.940000000000001,3.9000000000000004,1.6400000000000001,3.85,37.35,16.2,8.19
2020-06-13,8.96,3.1,0.78,3.9000000000000004,36.9,14.219999999999999,6.93
2020-06-14,8.680000000000001,2.7,0.63,2.24,29.82,15.58,6.16
2020-06-15,10.500000000000002,3.25,0.34,2.48,28.98,16.53,5.28
2020-06-16,9.520000000000001,3.5500000000000003,0.11,1.6,28.98,17.1,6.0
2020-06-17,9.8,3.6500000000000004,0.79,3.08,30.24,14.44,5.2
2020-06-18,9.100000000000001,3.2,0.55,2.04,42.0,16.91,6.4
2020-06-19,8.82,2.5,0.6900000000000001,2.12,20.58,14.25,7.76
2020-06-20,8.680000000000001,2.85,0.13,2.4,36.96,16.34,5.5200000000000005
2020-06-21,7.15,3.5,0.39,1.6400000000000001,23.52,15.47,6.0
2020-06-22,8.84,3.45,0.46,2.88,25.2,12.07,5.44
2020-06-23,8.71,3.6,0.5700000000000001,2.84,27.72,14.790000000000001,6.32
2020-06-24,8.71,3.6500000000000004,0.35000000000000003,2.64,33.6,14.620000000000001,6.24
2020-06-25,8.71,3.0500000000000003,0.7000000000000001,1.8,28.56,12.58,7.36
2020-06-26,8.450000000000001,3.3000000000000003,0.24,1.84,26.459999999999997,14.790000000000001,5.36
2020-06-27,8.06,3.35,0.39,1.92,27.72,14.450000000000001,4.48
2020-06-28,8.16,3.25,1.26,4.2,31.919999999999998,13.090000000000002,4.5600000000000005
2020-06-29,7.68,3.25,1.1400000000000001,5.880000000000001,31.5,13.260000000000002,7.84
2020-06-30,7.8,3.1500000000000004,0.92,5.460000000000001,26.04,16.490000000000002,7.92
2020-07-01,6.359999999999999,1.6500000000000001,1.06,5.250000000000001,20.58,13.430000000000001,5.6000000000000005
2020-07-02,6.0,1.7000000000000002,0.88,5.11,23.939999999999998,11.56,6.0
2020-07-03,5.88,1.6,0.74,4.760000000000001,28.14,11.73,5.5200000000000005
2020-07-04,5.76,1.7000000000000002,0.4,4.2700000000000005,23.939999999999998,9.350000000000001,5.12
2020-07-05,5.76,1.6199999999999999,0.4,5.12,39.99,13.68,6.08
2020-07-06,6.0,1.7999999999999998,0.18,2.8000000000000003,29.669999999999998,15.39,5.44
2020-07-07,6.12,2.2199999999999998,0.35000000000000003,6.16,32.68,13.68,5.28
2020-07-08,6.359999999999999,2.52,0.79,8.0,32.25,15.2,6.96
2020-07-09,6.359999999999999,2.16,0.27,4.88,27.09,13.49,7.12
2020-07-10,6.359999999999999,2.16,0.74,3.36,28.81,11.97,4.72
2020-07-11,5.52,2.04,0.2,4.08,31.82,13.3,6.72
2020-07-12,6.720000000000001,1.5,0.31,1.6500000000000001,23.779999999999998,15.12,6.8
2020-07-13,7.140000000000001,2.1,0.45,3.1500000000000004,27.88,13.5,5.5200000000000005
2020-07-14,7.5600000000000005,1.6500000000000001,0.45,2.5,23.779999999999998,11.16,4.48
2020-07-15,7.840000000000001,1.4500000000000002,0.36,2.15,23.779999999999998,12.24,6.0
2020-07-16,9.8,1.6,0.18,1.85,29.52,14.04,5.68
2020-07-17,7.5600000000000005,1.4500000000000002,0.0,1.5,26.65,11.7,5.2
2020-07-18,10.64,1.35,0.31,1.8,25.83,12.059999999999999,4.32
2020-07-19,5.52,2.4,0.62,2.0,17.6,12.24,7.29
2020-07-20,5.52,2.0,0.92,2.25,32.0,12.6,6.21
2020-07-21,6.12,2.4,1.1,1.6,36.800000000000004,14.219999999999999,6.39
2020-07-22,5.88,2.96,2.0,2.0,22.8,11.34,5.67
2020-07-23,6.4799999999999995,5.5200000000000005,0.9,1.75,24.400000000000002,14.399999999999999,6.569999999999999
2020-07-24,6.359999999999999,4.72,1.12,1.7000000000000002,19.200000000000003,14.399999999999999,7.56
2020-07-25,6.84,6.4,1.46,3.35,32.4,16.02,9.0
2020-07-26,14.07,14.000000000000002,1.02,9.9,48.400000000000006,18.630000000000003,6.569999999999999
2020-07-27,20.58,13.020000000000001,1.6400000000000001,6.6000000000000005,55.00000000000001,22.77,7.199999999999999
2020-07-28,21.0,11.9,1.08,7.5,46.75000000000001,21.62,5.58
2020-07-29,17.849999999999998,8.680000000000001,0.56,8.5,29.700000000000003,20.7,7.109999999999999
2020-07-30,15.54,9.38,1.6400000000000001,8.0,30.250000000000004,19.09,7.739999999999999
2020-07-31,15.12,10.64,1.16,5.2,25.85,23.0,5.67
2020-08-01,19.95,10.500000000000002,0.98,10.0,55.00000000000001,23.0,5.9399999999999995
2020-08-02,18.0,14.000000000000002,1.47,5.22,25.009999999999998,25.110000000000003,4.41
2020-08-03,14.94,9.66,0.63,4.38,29.93,25.110000000000003,5.13
2020-08-04,13.68,9.8,1.26,3.96,26.65,26.19,5.67
2020-08-05,14.219999999999999,8.96,1.26,3.54,23.369999999999997,21.060000000000002,7.47
2020-08-06,14.94,7.98,0.63,4.32,31.569999999999997,21.6,4.77
2020-08-07,13.68,8.540000000000001,0.87,3.36,23.369999999999997,21.060000000000002,9.0
2020-08-08,13.139999999999999,7.140000000000001,1.2,3.06,19.27,18.36,5.58
2020-08-09,11.9,5.72,2.92,3.6500000000000004,31.159999999999997,15.75,7.739999999999999
2020-08-10,13.940000000000001,5.39,1.4000000000000001,3.1500000000000004,38.949999999999996,13.44,5.67
2020-08-11,13.260000000000002,4.84,3.08,2.6500000000000004,31.979999999999997,12.809999999999999,6.84
2020-08-12,11.73,5.28,3.3200000000000003,2.6500000000000004,22.959999999999997,10.92,6.3
2020-08-13,11.9,5.28,1.96,2.35,27.47,11.76,6.4799999999999995
2020-08-14,11.56,8.03,4.0,3.8000000000000003,24.599999999999998,15.12,4.859999999999999
2020-08-15,11.39,6.6,2.88,3.1500000000000004,29.52,15.54,6.84
2020-08-16,10.08,5.1000000000000005,1.42,2.44,39.160000000000004,17.16,6.66
2020-08-17,13.120000000000001,5.800000000000001,0.98,1.96,41.8,16.5,6.75
2020-08-18,12.16,4.7,0.8200000000000001,2.48,38.72,17.6,5.76
2020-08-19,11.52,4.5,1.12,2.4,30.8,17.38,6.029999999999999
2020-08-20,11.040000000000001,3.8000000000000003,1.42,1.8,33.0,13.64,5.9399999999999995
2020-08-21,10.24,3.7,0.86,1.16,44.0,13.64,8.01
2020-08-22,9.6,4.4,0.8,1.6,38.28,12.1,6.3
2020-08-23,8.680000000000001,2.24,2.13,2.4000000000000004,31.24,11.52,4.72
2020-08-24,8.96,2.3800000000000003,0.8099999999999999,2.2,38.28,11.34,5.5200000000000005
2020-08-25,8.82,2.5900000000000003,1.65,2.6500000000000004,25.52,10.08,4.96
2020-08-26,8.120000000000001,2.45,2.25,2.45,34.76,13.139999999999999,6.5600000000000005
2020-08-27,8.260000000000002,2.24,1.8599999999999999,3.1500000000000004,33.88,8.28,4.5600000000000005
2020-08-28,8.260000000000002,2.1700000000000004,0.63,2.15,34.32,10.08,6.24
2020-08-29,7.840000000000001,2.1700000000000004,0.9299999999999999,2.9000000000000004,33.88,11.34,5.28
2020-08-30,8.1,3.9000000000000004,2.13,2.6,32.39,9.88,8.19
2020-08-31,8.549999999999999,3.9000000000000004,1.6199999999999999,2.45,20.91,11.59,5.3999999999999995
2020-09-01,12.75,10.0,2.2199999999999998,4.8500000000000005,31.569999999999997,16.15,5.85
2020-09-02,13.2,7.300000000000001,3.0,3.95,27.88,19.0,5.31
2020-09-03,14.399999999999999,7.1000000000000005,0.75,4.65,39.769999999999996,15.01,6.93
2020-09-04,15.0,6.4,1.3199999999999998,3.2,29.11,14.06,7.56
2020-09-05,14.399999999999999,6.9,1.17,4.15,38.54,12.92,7.83
2020-09-06,11.620000000000001,5.28,0.58,2.12,47.519999999999996,11.68,5.5200000000000005
2020-09-07,12.32,4.5600000000000005,1.22,4.0,39.36,11.200000000000001,6.0
2020-09-08,11.620000000000001,3.84,0.16,2.92,43.68,11.200000000000001,6.0
2020-09-09,11.48,4.0,0.84,2.8000000000000003,46.08,10.56,5.2
2020-09-10,10.64,4.16,1.0,2.32,48.0,11.84,4.96
2020-09-11,10.22,3.12,1.56,3.2800000000000002,25.439999999999998,11.36,6.640000000000001
2020-09-12,10.080000000000002,3.44,0.2,2.36,43.68,10.4,5.12
2020-09-13,8.76,2.88,2.34,2.6,38.64,11.73,5.68
2020-09-14,8.879999999999999,2.6399999999999997,1.74,2.2,27.14,12.24,5.04
2020-09-15,9.36,2.82,2.4899999999999998,3.6,36.800000000000004,11.05,4.88
2020-09-16,9.6,2.34,0.75,3.52,39.1,12.07,4.88
2020-09-17,9.24,2.6999999999999997,2.01,2.96,31.28,11.9,8.0
2020-09-18,8.16,2.6399999999999997,1.56,2.84,31.28,14.110000000000001,6.24
2020-09-19,7.68,2.34,1.14,1.68,43.24,11.39,3.44
2020-09-20,7.48,2.6999999999999997,1.34,2.19,28.86,12.920000000000002,4.02
2020-09-21,8.25,3.1799999999999997,0.98,1.8599999999999999,27.38,10.540000000000001,3.2399999999999998
2020-09-22,7.59,2.2199999999999998,0.64,2.61,24.05,10.370000000000001,3.06
2020-09-23,7.26,2.16,1.3,1.6199999999999999,25.9,11.22,3.2399999999999998
2020-09-24,7.7,2.2199999999999998,0.8200000000000001,2.16,31.82,11.39,3.96
2020-09-25,7.26,2.34,0.54,2.4,23.68,10.030000000000001,3.3
2020-09-26,7.15,2.6399999999999997,0.98,1.2,17.02,12.920000000000002,3.9
2020-09-27,6.71,1.8,0.49,3.7600000000000002,18.72,11.25,5.36
2020-09-28,7.48,1.6500000000000001,0.34,3.16,29.64,10.5,4.24
2020-09-29,7.26,1.85,0.77,2.72,23.79,10.2,4.8
2020-09-30,6.93,1.6,0.25,2.6,17.94,8.85,5.68
2020-10-01,5.28,3.1,0.34,3.52,26.52,7.6499999999999995,6.640000000000001
2020-10-02,5.5,2.95,0.0,3.52,23.79,8.4,7.6000000000000005
2020-10-03,4.84,2.25,0.39,3.0,21.84,6.8999999999999995,5.12
2020-10-04,4.95,2.75,0.58,1.7999999999999998,21.6,9.76,6.640000000000001
2020-10-05,5.17,2.75,0.5,2.4299999999999997,27.0,8.96,6.88
2020-10-06,5.17,2.8000000000000003,1.0,2.13,22.5,10.56,5.84
2020-10-07,5.06,2.5,0.34,1.29,31.95,11.040000000000001,5.68
2020-10-08,5.61,2.7,0.16,2.34,30.6,11.040000000000001,6.88
2020-10-09,5.83,2.85,0.56,1.98,45.0,11.200000000000001,7.5200000000000005
2020-10-10,6.16,3.5,0.62,2.82,39.15,8.8,7.12
2020-10-11,6.24,3.0500000000000003,1.82,1.92,31.82,8.549999999999999,5.11
2020-10-12,6.4799999999999995,3.35,2.0,2.1,19.98,8.4,4.69
2020-10-13,6.359999999999999,3.35,0.9,2.28,15.91,8.85,4.760000000000001
2020-10-14,6.24,2.9000000000000004,0.7000000000000001,2.25,20.35,9.0,5.250000000000001
2020-10-15,6.4799999999999995,2.95,0.18,2.1,17.759999999999998,9.75,4.550000000000001
2020-10-16,6.24,3.1500000000000004,0.9400000000000001,2.07,26.27,8.7,4.340000000000001
2020-10-17,6.0,2.1,0.4,2.37,25.16,9.0,3.99
2020-10-18,7.2,2.34,0.4,1.68,19.439999999999998,12.959999999999999,8.82
2020-10-19,8.64,2.88,0.0,2.37,23.4,11.34,7.56
2020-10-20,9.44,3.1799999999999997,0.88,1.08,20.52,11.16,9.0
2020-10-21,15.200000000000001,4.26,0.72,2.46,19.08,12.6,8.01
2020-10-22,16.0,6.0,0.74,2.52,24.119999999999997,16.02,8.459999999999999
2020-10-23,12.96,4.74,1.12,3.0,24.119999999999997,10.98,4.77
2020-10-24,11.040000000000001,4.5,0.0,2.9699999999999998,16.56,18.0,8.19
2020-10-25,12.24,3.54,0.3,2.1,28.470000000000002,11.9,3.7100000000000004
2020-10-26,13.5,4.2,0.09,1.38,21.45,13.600000000000001,5.040000000000001
2020-10-27,15.479999999999999,4.5,0.36,2.25,17.55,12.24,5.250000000000001
2020-10-28,15.84,3.84,0.36,2.58,24.18,12.920000000000002,6.23
2020-10-29,14.04,3.96,0.18,1.89,21.84,12.920000000000002,3.3600000000000003
2020-10-30,13.139999999999999,4.38,0.28,2.04,15.600000000000001,13.940000000000001,4.130000000000001
2020-10-31,13.5,3.48,0.5,1.89,26.91,11.73,4.130000000000001
2020-11-01,7.79,1.54,0.21,1.8,18.240000000000002,3.36,5.5200000000000005
2020-11-02,8.17,1.6800000000000002,0.19,1.12,19.2,3.2,5.28
2020-11-03,7.6,1.54,0.27,1.2,20.8,2.88,6.24
2020-11-04,7.79,1.54,0.47000000000000003,1.52,13.76,2.24,3.6
2020-11-05,11.78,2.1,0.17,2.12,20.48,2.88,5.28
2020-11-06,13.11,3.0100000000000002,0.71,1.84,20.48,3.68,5.36
2020-11-07,10.64,2.87,0.29,2.2,19.52,4.0,8.0
2020-11-08,10.600000000000001,2.88,1.22,1.96,24.82,3.96,3.6400000000000006
2020-11-09,11.200000000000001,2.48,0.72,1.96,18.360000000000003,4.14,4.760000000000001
2020-11-10,9.600000000000001,2.16,1.44,1.48,19.040000000000003,3.06,4.2
2020-11-11,10.0,3.2800000000000002,0.36,2.0,23.46,3.2399999999999998,4.69
2020-11-12,10.8,2.8000000000000003,0.92,1.6,25.16,4.14,3.2900000000000005
2020-11-13,11.4,3.2800000000000002,0.38,1.48,16.66,3.06,6.0200000000000005
2020-11-14,10.4,2.56,0.84,1.84,27.880000000000003,3.78,5.6000000000000005
2020-11-15,12.600000000000001,2.9000000000000004,2.19,1.8,36.489999999999995,5.880000000000001,3.5999999999999996
2020-11-16,16.520000000000003,3.7,1.65,1.72,38.949999999999996,5.040000000000001,4.14
2020-11-17,21.840000000000003,4.5,1.1099999999999999,2.36,37.309999999999995,7.840000000000001,1.98
2020-11-18,28.000000000000004,4.7,2.2199999999999998,2.04,27.47,8.4,3.5999999999999996
2020-11-19,20.44,4.2,1.95,1.44,29.52,6.720000000000001,4.08
2020-11-20,21.840000000000003,5.2,2.88,2.08,20.5,8.4,3.42
2020-11-21,22.400000000000002,6.5,2.79,3.68,30.749999999999996,16.240000000000002,2.52
2020-11-22,21.599999999999998,9.6,1.53,5.58,40.5,31.919999999999998,4.08
2020-11-23,21.599999999999998,13.44,2.52,4.32,32.85,38.76,3.7199999999999998
2020-11-24,29.4,16.0,2.2199999999999998,5.64,45.0,56.99999999999999,4.14
2020-11-25,27.3,15.040000000000001,3.0,4.8,30.6,37.05,4.74
2020-11-26,30.0,11.040000000000001,1.65,3.96,37.800000000000004,30.779999999999998,2.46
2020-11-27,22.2,7.5200000000000005,1.1099999999999999,3.54,36.45,20.52,1.98
2020-11-28,19.8,7.5200000000000005,0.6,4.38,37.800000000000004,27.36,3.9
2020-11-29,15.08,6.0,1.7999999999999998,3.4000000000000004,25.9,15.510000000000002,4.8
2020-11-30,22.36,7.4399999999999995,2.4299999999999997,5.0,27.75,13.860000000000001,3.68
2020-12-01,13.52,7.8,0.72,2.0,25.9,10.56,4.16
2020-12-02,9.88,4.8,0.72,2.6500000000000004,22.94,9.24,5.44
2020-12-03,9.620000000000001,5.88,0.36,2.1,16.28,10.23,5.36
2020-12-04,9.620000000000001,5.16,0.75,2.2,23.68,10.89,5.28
2020-12-05,8.58,4.2,0.84,1.6,29.23,9.24,3.44
2020-12-06,6.72,3.5999999999999996,0.84,1.72,22.400000000000002,7.54,6.640000000000001
2020-12-07,6.93,3.51,0.87,1.52,20.0,6.76,5.76
2020-12-08,6.72,3.5999999999999996,0.75,1.44,21.6,5.98,3.2
2020-12-09,6.93,3.5999999999999996,0.63,0.84,25.200000000000003,6.5,4.16
2020-12-10,6.51,2.52,0.12,1.08,29.200000000000003,6.24,4.72
2020-12-11,6.93,2.9699999999999998,1.29,1.2,38.0,7.0200000000000005,3.44
2020-12-12,5.88,2.52,0.27,1.32,21.6,8.32,3.7600000000000002
2020-12-13,10.5,3.9000000000000004,0.42,2.04,20.400000000000002,11.549999999999999,5.76
2020-12-14,10.5,3.9000000000000004,0.75,2.94,22.400000000000002,8.75,6.32
2020-12-15,11.2,4.68,0.87,2.88,24.400000000000002,10.149999999999999,5.28
2020-12-16,20.65,5.720000000000001,0.51,2.46,26.0,12.95,4.4
2020-12-17,35.0,10.530000000000001,0.99,3.5999999999999996,35.2,15.749999999999998,4.16
2020-12-18,23.099999999999998,7.54,1.05,2.82,20.8,11.899999999999999,5.28
2020-12-19,20.299999999999997,7.800000000000001,1.29,2.46,23.200000000000003,11.2,3.84
2020-12-20,19.040000000000003,6.11,5.0,2.0500000000000003,31.68,17.69,3.43
2020-12-21,20.400000000000002,6.5,3.5,2.2,29.04,19.52,4.62
2020-12-22,17.0,5.59,3.1,1.9000000000000001,24.64,29.28,4.130000000000001
2020-12-23,16.32,6.24,1.35,2.3000000000000003,34.76,61.0,4.0600000000000005
2020-12-24,14.280000000000001,5.98,1.9500000000000002,2.8000000000000003,28.16,46.97,3.08
2020-12-25,17.34,6.37,2.4000000000000004,2.45,40.92,35.38,3.99
2020-12-26,22.44,7.54,2.15,2.4000000000000004,33.88,30.5,4.2700000000000005
2020-12-27,48.36,18.86,1.6199999999999999,3.7600000000000002,60.45,31.919999999999998,7.56
2020-12-28,39.52,23.0,4.9799999999999995,5.2,65.0,30.209999999999997,6.21
2020-12-29,33.28,19.09,4.5,8.0,54.6,55.85999999999999,9.0
2020-12-30,38.480000000000004,17.94,4.32,3.7600000000000002,46.800000000000004,31.349999999999998,5.67
2020-12-31,37.96,17.71,3.12,3.84,55.9,25.08,4.95
2021-01-01,20.28,8.05,1.44,2.16,18.85,30.209999999999997,4.95
2021-01-02,35.36,11.270000000000001,2.58,2.88,26.0,26.22,4.32
2021-01-03,68.03999999999999,50.459999999999994,2.5,7.56,34.760000000000005,30.240000000000002,6.0
2021-01-04,56.28,56.26,2.4000000000000004,9.9,34.760000000000005,25.200000000000003,6.300000000000001
2021-01-05,44.519999999999996,49.879999999999995,3.5,14.219999999999999,34.760000000000005,26.320000000000004,8.4
2021-01-06,51.239999999999995,48.13999999999999,2.4000000000000004,18.0,35.550000000000004,27.44,10.0
2021-01-07,75.6,57.99999999999999,4.0,15.12,44.24,43.68000000000001,7.4
2021-01-08,74.75999999999999,55.099999999999994,3.5,12.24,36.34,30.240000000000002,7.5
2021-01-09,57.12,47.559999999999995,3.8000000000000003,13.32,33.97,27.44,7.7
2021-01-10,53.6,43.24,2.4,7.98,60.0,17.86,4.48
2021-01-11,80.0,44.620000000000005,1.76,7.280000000000001,50.0,15.2,4.72
2021-01-12,62.400000000000006,33.120000000000005,2.48,7.280000000000001,34.0,12.92,4.16
2021-01-13,49.6,28.060000000000002,2.0,6.580000000000001,58.0,14.44,3.92
2021-01-14,53.6,28.060000000000002,3.2800000000000002,7.700000000000001,57.0,14.82,5.28
2021-01-15,46.400000000000006,25.76,2.08,7.5600000000000005,100.0,12.92,4.96
2021-01-16,40.0,24.380000000000003,1.36,9.520000000000001,50.0,11.78,4.24
2021-01-17,24.380000000000003,19.11,1.38,13.049999999999999,55.89,10.23,5.12
2021-01-18,22.26,16.77,1.98,10.5,38.07,10.23,4.88
2021-01-19,22.26,31.98,1.38,8.1,32.400000000000006,12.21,5.5200000000000005
2021-01-20,22.26,27.69,0.96,6.45,30.78,10.89,4.5600000000000005
2021-01-21,28.09,24.96,1.14,6.1499999999999995,38.07,9.9,4.0
2021-01-22,28.62,21.84,1.74,7.35,25.110000000000003,8.91,5.5200000000000005
2021-01-23,21.200000000000003,19.11,1.2,7.199999999999999,22.68,8.91,2.64
2021-01-24,17.64,20.72,1.1,5.17,17.92,12.92,4.72
2021-01-25,18.13,26.64,2.42,5.28,15.680000000000001,11.4,3.2
2021-01-26,17.64,21.09,1.76,4.95,17.92,7.98,4.88
2021-01-27,18.62,19.61,1.98,3.41,19.040000000000003,11.02,6.48
2021-01-28,18.62,19.61,4.18,4.18,17.360000000000003,10.26,4.0
2021-01-29,31.36,24.419999999999998,11.0,6.6,21.28,13.68,4.72
2021-01-30,21.07,19.98,5.61,4.84,21.28,31.54,5.28
2021-01-31,15.91,23.46,9.350000000000001,15.860000000000001,21.599999999999998,73.0,3.6
2021-02-01,16.77,21.16,1.87,2.8600000000000003,28.2,73.0,5.04
2021-02-02,15.91,28.98,1.87,5.46,31.799999999999997,29.2,4.4
2021-02-03,15.48,38.18,2.21,3.9000000000000004,28.799999999999997,21.169999999999998,5.12
2021-02-04,17.2,39.56,2.21,3.9000000000000004,22.8,24.09,4.5600000000000005
2021-02-05,15.049999999999999,34.5,2.89,7.28,35.4,20.439999999999998,5.2
2021-02-06,19.35,36.800000000000004,2.3800000000000003,8.32,37.199999999999996,16.79,4.0
2021-02-07,31.16,40.56,6.6,22.0,36.720000000000006,14.040000000000001,4.68
2021-02-08,65.36,45.760000000000005,5.3999999999999995,17.05,46.24,15.600000000000001,4.5
2021-02-09,76.0,47.84,10.2,15.400000000000002,47.6,16.12,5.85
2021-02-10,49.4,40.04,11.7,25.85,32.64,14.040000000000001,4.95
2021-02-11,46.36,37.96,6.3,24.750000000000004,38.760000000000005,14.56,6.21
2021-02-12,43.32,39.0,6.6,19.25,34.68,18.72,4.859999999999999
2021-02-13,38.76,36.92,8.7,16.5,46.24,17.68,4.859999999999999
2021-02-14,39.05,35.5,8.36,13.05,49.14,15.3,6.21
2021-02-15,38.339999999999996,31.5,7.04,10.35,53.04,16.32,4.859999999999999
2021-02-16,44.019999999999996,31.0,7.04,11.700000000000001,41.34,16.32,6.84
2021-02-17,53.959999999999994,32.0,7.92,11.700000000000001,44.46,14.280000000000001,4.32
2021-02-18,43.309999999999995,38.0,18.04,10.8,39.0,14.790000000000001,6.39
2021-02-19,49.699999999999996,41.0,44.0,13.950000000000001,46.800000000000004,12.75,5.85
2021-02-20,56.8,49.0,29.04,26.1,48.36,15.3,5.31
2021-02-21,53.04,41.31,16.17,29.669999999999998,50.160000000000004,16.529999999999998,6.49
2021-02-22,62.400000000000006,43.35,10.89,26.22,51.68,42.74999999999999,8.14
2021-02-23,78.0,51.0,10.23,24.839999999999996,76.0,22.229999999999997,11.0
2021-02-24,60.84,37.74,7.92,24.839999999999996,48.64,14.249999999999998,9.57
2021-02-25,46.02,30.6,6.2700000000000005,26.909999999999997,44.08,11.969999999999999,8.03
2021-02-26,49.14,32.13,5.61,37.949999999999996,34.96,10.829999999999998,6.71
2021-02-27,39.0,26.01,5.61,69.0,43.32,10.829999999999998,7.81
2021-02-28,28.080000000000002,21.76,2.89,40.870000000000005,33.28,6.08,6.300000000000001
2021-03-01,47.32,28.900000000000002,5.78,60.300000000000004,28.6,22.080000000000002,7.0
2021-03-02,40.56,27.540000000000003,5.78,47.57,33.800000000000004,21.76,7.4
2021-03-03,42.120000000000005,28.220000000000002,6.29,36.18,27.04,21.44,5.800000000000001
2021-03-04,37.96,23.8,6.630000000000001,36.18,24.96,22.400000000000002,6.4
2021-03-05,38.480000000000004,25.840000000000003,4.760000000000001,30.82,32.24,21.12,7.300000000000001
2021-03-06,32.76,23.12,5.61,24.790000000000003,32.24,20.48,6.800000000000001
2021-03-07,36.72,28.49,8.879999999999999,14.4,33.040000000000006,21.39,5.7
2021-03-08,37.800000000000004,31.45,10.32,14.0,33.040000000000006,20.46,4.4
2021-03-09,46.980000000000004,35.15,16.8,16.400000000000002,37.52,21.08,4.6000000000000005
2021-03-10,44.82,32.93,12.48,15.600000000000001,32.480000000000004,21.08,8.0
2021-03-11,42.120000000000005,29.23,13.92,14.4,38.64,19.22,5.4
2021-03-12,41.040000000000006,27.75,15.84,14.8,38.64,18.91,7.0
2021-03-13,54.0,37.0,17.04,16.0,31.360000000000003,20.15,6.7
2021-03-14,48.96,30.38,30.69,25.35,54.6,19.43,5.36
2021-03-15,43.86,25.73,28.05,22.75,27.0,15.079999999999998,3.2800000000000002
2021-03-16,40.29,22.94,26.73,39.0,45.0,21.459999999999997,4.88
2021-03-17,39.78,22.01,24.09,53.300000000000004,37.199999999999996,15.079999999999998,4.4
2021-03-18,37.74,20.46,33.0,65.0,51.0,15.95,4.64
2021-03-19,35.19,20.46,17.82,39.0,29.4,16.24,4.64
2021-03-20,32.13,21.39,20.130000000000003,31.85,49.199999999999996,22.04,4.4
2021-03-21,28.52,18.630000000000003,17.94,18.86,65.7,20.15,5.6000000000000005
2021-03-22,32.660000000000004,17.01,23.92,19.68,58.4,31.0,8.0
2021-03-23,31.28,18.36,17.16,15.579999999999998,49.64,23.56,6.5
2021-03-24,36.34,17.82,16.64,14.76,59.129999999999995,20.46,6.6000000000000005
2021-03-25,37.72,17.82,16.38,12.299999999999999,54.75,18.29,6.9
2021-03-26,31.740000000000002,15.120000000000001,15.600000000000001,15.579999999999998,60.589999999999996,18.29,7.800000000000001
2021-03-27,29.900000000000002,14.850000000000001,18.46,12.299999999999999,64.24,16.12,5.5
2021-03-28,28.060000000000002,19.08,25.16,12.24,62.0,19.84,11.4
2021-03-29,30.82,24.84,24.48,12.24,43.4,19.22,12.0
2021-03-30,32.2,25.56,26.180000000000003,12.24,46.5,17.05,9.6
2021-03-31,32.2,26.64,28.220000000000002,11.16,40.3,18.91,8.16
2021-04-01,25.76,23.4,12.920000000000002,16.2,50.22,5.89,3.96
2021-04-02,24.380000000000003,32.04,14.280000000000001,18.36,42.16,6.51,3.5999999999999996
2021-04-03,22.080000000000002,31.32,14.96,18.72,43.4,7.75,4.92
2021-04-04,19.32,23.759999999999998,30.6,18.13,46.97,16.94,5.3999999999999995
2021-04-05,20.16,24.48,32.13,17.39,48.8,45.43,4.8
2021-04-06,19.74,25.2,29.580000000000002,22.57,53.07,68.53,3.96
2021-04-07,20.58,23.4,28.05,18.5,35.38,37.730000000000004,4.32
2021-04-08,18.9,20.88,24.48,16.28,42.699999999999996,29.26,5.64
2021-04-09,17.64,20.52,27.03,16.65,26.84,26.18,4.2
2021-04-10,20.58,22.68,30.6,18.13,45.75,49.28,5.279999999999999
2021-04-11,23.97,29.61,42.089999999999996,33.480000000000004,74.69,73.0,4.68
2021-04-12,24.48,28.669999999999998,69.0,33.480000000000004,40.81,52.0,4.32
2021-04-13,33.15,38.07,53.129999999999995,40.5,60.83,100.0,3.96
2021-04-14,37.230000000000004,45.589999999999996,51.059999999999995,54.0,66.22,82.0,3.96
2021-04-15,30.09,47.0,45.54,36.72,73.92,55.0,4.2
2021-04-16,33.660000000000004,45.12,60.72,36.72,77.0,58.0,3.2399999999999998
2021-04-17,28.05,39.949999999999996,48.989999999999995,36.72,70.07000000000001,52.0,4.2
2021-04-18,63.92,41.83,36.18,28.14,71.2,32.86,7.04
2021-04-19,53.040000000000006,33.37,38.88,26.04,67.2,26.66,6.72
2021-04-20,45.56,34.309999999999995,40.5,25.2,63.2,25.419999999999998,7.04
2021-04-21,38.080000000000005,35.72,36.18,21.84,70.4,22.94,7.84
2021-04-22,46.24,44.65,23.76,21.0,72.8,22.94,11.040000000000001
2021-04-23,68.0,44.65,21.6,26.459999999999997,56.0,23.56,8.96
2021-04-24,48.28,33.839999999999996,24.3,18.48,77.60000000000001,20.46,9.44
2021-04-25,32.0,32.9,15.959999999999999,17.63,50.4,16.240000000000002,25.0
2021-04-26,34.0,33.839999999999996,14.7,20.64,60.9,17.92,19.0
2021-04-27,30.5,36.66,17.64,23.22,57.4,21.28,15.5
2021-04-28,27.0,40.89,15.959999999999999,25.8,46.9,16.8,21.25
2021-04-29,25.0,45.12,19.32,33.54,40.599999999999994,18.48,15.0
2021-04-30,23.5,39.01,21.0,26.23,52.5,28.560000000000002,16.5
2021-05-01,14.0,20.209999999999997,13.44,9.89,30.799999999999997,43.68000000000001,15.75
2021-05-02,10.75,40.85,18.29,13.44,39.690000000000005,40.87,13.65
2021-05-03,12.04,74.1,20.06,16.0,40.5,43.92,17.64
2021-05-04,12.47,76.0,20.06,15.36,44.550000000000004,53.68,13.65
2021-05-05,12.9,73.14999999999999,25.369999999999997,20.48,39.690000000000005,50.019999999999996,13.229999999999999
2021-05-06,12.04,67.45,22.419999999999998,31.36,46.17,61.0,12.18
2021-05-07,11.18,55.099999999999994,24.779999999999998,24.96,67.23,51.24,14.49
2021-05-08,11.18,60.8,31.86,22.400000000000002,49.410000000000004,44.53,12.809999999999999
2021-05-09,15.93,70.0,51.0,50.0,52.440000000000005,41.25,14.91
2021-05-10,16.52,87.0,100.0,40.0,56.120000000000005,34.650000000000006,13.44
2021-05-11,15.34,68.0,96.0,33.0,60.720000000000006,36.300000000000004,11.34
2021-05-12,16.52,72.0,67.0,36.0,58.88,32.45,13.86
2021-05-13,39.53,86.0,43.0,73.0,56.120000000000005,41.800000000000004,17.64
2021-05-14,24.779999999999998,63.0,57.0,52.0,51.52,38.5,11.129999999999999
2021-05-15,19.47,54.0,47.0,100.0,37.72,40.150000000000006,16.38
2021-05-16,36.0,49.68,20.91,72.54,73.92,35.36,26.0
2021-05-17,51.0,57.04,20.91,48.36,59.519999999999996,32.24,22.36
2021-05-18,41.0,46.92,19.89,40.92,44.16,33.800000000000004,24.18
2021-05-19,100.0,92.0,20.91,52.080000000000005,96.0,39.0,21.32
2021-05-20,77.0,65.32000000000001,16.830000000000002,39.06,60.48,32.24,17.16
2021-05-21,61.0,56.120000000000005,12.24,33.480000000000004,63.36,33.800000000000004,17.94
2021-05-22,53.0,48.760000000000005,12.75,28.830000000000002,58.559999999999995,35.88,14.82
2021-05-23,44.64,48.989999999999995,7.260000000000001,22.96,59.2,25.419999999999998,10.26
2021-05-24,40.32,45.44,8.25,17.92,40.800000000000004,21.73,9.9
2021-05-25,32.4,36.21,5.94,16.8,47.2,21.73,10.08
2021-05-26,28.08,34.79,8.58,17.92,37.6,20.91,9.0
2021-05-27,25.2,29.11,7.590000000000001,14.000000000000002,48.800000000000004,20.91,8.82
2021-05-28,26.64,29.11,4.95,14.000000000000002,32.800000000000004,18.45,9.719999999999999
2021-05-29,25.919999999999998,29.11,4.95,13.440000000000001,39.2,14.76,8.82
2021-05-30,16.830000000000002,18.62,3.38,12.04,29.89,16.099999999999998,7.65
2021-05-31,16.32,17.64,3.9000000000000004,10.75,30.5,16.45,7.3100000000000005
2021-06-01,36.21,45.08,15.600000000000001,42.57,45.75,29.4,11.05
2021-06-02,35.7,43.12,22.1,43.0,29.28,32.199999999999996,13.430000000000001
2021-06-03,35.19,45.08,25.740000000000002,39.99,42.089999999999996,35.0,13.770000000000001
2021-06-04,38.76,42.63,20.54,37.839999999999996,45.75,30.799999999999997,9.01
2021-06-05,35.19,41.16,17.68,34.4,40.26,23.799999999999997,17.0
2021-06-06,36.4,32.39,14.07,26.520000000000003,47.74,20.59,12.78
2021-06-07,36.4,36.08,21.0,25.840000000000003,50.839999999999996,25.229999999999997,15.12
2021-06-08,49.92,36.9,12.18,28.900000000000002,47.74,22.619999999999997,13.32
2021-06-09,44.2,31.569999999999997,9.66,26.860000000000003,45.26,22.619999999999997,16.38
2021-06-10,37.96,29.93,15.33,23.46,35.96,22.619999999999997,13.32
2021-06-11,32.76,28.29,9.45,23.12,32.86,17.4,9.54
2021-06-12,28.6,25.419999999999998,7.56,22.78,37.2,17.98,8.28
2021-06-13,22.8,20.16,8.84,15.34,35.379999999999995,18.25,7.98
2021-06-14,29.6,22.400000000000002,9.690000000000001,20.28,37.699999999999996,17.25,7.840000000000001
2021-06-15,24.0,21.44,7.65,15.600000000000001,45.239999999999995,19.0,8.82
2021-06-16,22.400000000000002,17.92,7.65,14.56,38.86,14.75,7.98
2021-06-17,20.400000000000002,17.28,7.48,14.040000000000001,30.74,11.75,9.66
2021-06-18,20.400000000000002,19.52,5.95,12.22,57.99999999999999,15.75,7.000000000000001
2021-06-19,18.400000000000002,16.96,4.25,10.66,36.54,13.0,9.66
2021-06-20,26.0,24.32,5.98,16.240000000000002,54.019999999999996,17.75,8.85
2021-06-21,38.5,32.68,4.55,18.48,58.4,15.5,7.8
2021-06-22,50.0,38.0,4.68,23.8,70.81,17.25,10.5
2021-06-23,34.5,26.22,4.03,15.680000000000001,53.29,17.0,9.9
2021-06-24,30.5,24.7,5.2,16.240000000000002,50.37,16.25,8.25
2021-06-25,30.5,24.32,5.8500000000000005,14.280000000000001,48.91,14.75,10.35
2021-06-26,28.5,24.7,7.67,13.160000000000002,53.29,13.5,7.5
2021-06-27,18.9,18.88,3.84,11.52,49.92,10.08,10.14
2021-06-28,19.599999999999998,23.36,3.48,12.959999999999999,48.64,11.129999999999999,8.32
2021-06-29,19.25,23.68,4.2,12.24,57.6,13.02,7.15
2021-06-30,17.15,20.16,3.84,10.559999999999999,34.56,11.129999999999999,5.98
2021-07-01,21.0,21.76,9.6,18.72,33.28,10.92,7.67
2021-07-02,19.599999999999998,20.8,7.68,18.48,28.8,9.45,12.74
2021-07-03,19.25,22.72,4.68,21.84,33.92,12.809999999999999,11.83
2021-07-04,16.24,21.459999999999997,8.14,23.0,23.009999999999998,12.18,9.23
2021-07-05,16.82,22.04,6.16,18.86,35.4,10.92,9.88
2021-07-06,15.079999999999998,19.72,8.8,17.71,26.549999999999997,9.03,8.71
2021-07-07,14.499999999999998,21.75,7.81,17.48,31.27,11.549999999999999,12.35
2021-07-08,16.24,19.43,7.15,17.02,30.68,10.5,9.88
2021-07-09,15.37,20.009999999999998,7.81,17.02,31.86,9.66,11.83
2021-07-10,13.049999999999999,16.24,6.2700000000000005,16.560000000000002,34.22,9.03,12.35
2021-07-11,12.15,13.0,4.5,13.3,37.82,9.200000000000001,10.799999999999999
2021-07-12,13.770000000000001,16.25,4.32,12.35,36.58,9.4,8.28
2021-07-13,13.770000000000001,16.25,4.32,12.92,32.24,8.0,9.84
2021-07-14,14.040000000000001,16.5,7.47,12.73,34.1,9.0,9.48
2021-07-15,13.770000000000001,15.0,4.05,11.21,32.86,10.600000000000001,7.199999999999999
2021-07-16,14.31,15.25,4.68,11.97,30.38,10.0,7.319999999999999
2021-07-17,13.5,15.75,4.41,12.540000000000001,17.36,10.8,9.719999999999999
2021-07-18,15.510000000000002,15.680000000000001,5.1000000000000005,12.200000000000001,19.11,9.9,9.36
2021-07-19,17.82,19.880000000000003,3.4000000000000004,15.8,19.11,12.1,10.01
2021-07-20,24.09,22.400000000000002,5.300000000000001,16.6,26.95,10.78,10.790000000000001
2021-07-21,22.44,20.160000000000004,5.0,13.600000000000001,19.6,11.66,11.05
2021-07-22,19.8,18.200000000000003,6.7,12.200000000000001,14.7,12.540000000000001,13.0
2021-07-23,17.490000000000002,17.92,8.4,11.0,16.66,11.22,8.71
2021-07-24,17.490000000000002,19.880000000000003,10.0,11.600000000000001,22.54,12.98,8.19
2021-07-25,19.61,19.84,9.940000000000001,14.52,32.0,9.66,11.83
2021-07-26,37.0,31.0,14.000000000000002,19.8,64.0,13.110000000000001,12.22
2021-07-27,27.009999999999998,23.87,9.8,13.86,37.76,12.42,9.49
2021-07-28,25.9,25.419999999999998,10.22,15.4,35.84,23.0,9.1
2021-07-29,21.46,20.15,8.82,14.74,26.88,13.8,11.18
2021-07-30,20.72,23.25,6.44,15.4,30.72,13.8,12.870000000000001
2021-07-31,21.46,24.8,10.360000000000001,15.4,30.72,11.270000000000001,10.27
2021-08-01,26.240000000000002,32.4,4.84,3.5,31.32,16.56,1.9600000000000002
2021-08-02,24.96,27.45,3.3,3.5,32.940000000000005,15.36,1.8200000000000003
2021-08-03,24.32,26.55,5.83,3.75,45.36,13.44,1.54
2021-08-04,22.080000000000002,31.05,2.86,3.5,32.940000000000005,14.16,1.54
2021-08-05,23.68,42.75,3.96,3.75,45.900000000000006,11.28,1.6800000000000002
2021-08-06,25.92,36.9,4.62,4.5,48.6,12.719999999999999,1.6800000000000002
2021-08-07,27.52,45.0,5.5,5.25,39.42,14.639999999999999,1.4000000000000001
2021-08-08,32.04,38.7,12.73,10.8,49.82,18.9,1.65
2021-08-09,36.0,38.7,11.21,9.72,34.980000000000004,18.0,1.95
2021-08-10,33.12,34.2,11.59,14.580000000000002,41.34,18.3,2.55
2021-08-11,34.92,35.1,13.870000000000001,24.3,44.52,26.7,1.95
2021-08-12,30.959999999999997,29.7,12.92,15.66,38.690000000000005,19.2,1.7999999999999998
2021-08-13,30.599999999999998,31.05,16.15,31.32,37.1,20.4,1.95
2021-08-14,29.88,30.6,10.26,28.62,35.510000000000005,30.0,2.25
2021-08-15,23.56,22.4,10.24,24.4,41.31,28.5,7.77
2021-08-16,25.73,22.049999999999997,9.120000000000001,21.96,44.88,26.099999999999998,17.759999999999998
2021-08-17,25.11,21.349999999999998,8.32,19.52,51.0,20.7,15.54
2021-08-18,24.18,21.0,7.2,17.08,51.0,20.7,14.06
2021-08-19,22.01,18.549999999999997,8.96,25.62,43.86,21.3,9.99
2021-08-20,26.04,21.0,10.72,43.92,45.39,22.2,9.99
2021-08-21,25.73,20.299999999999997,9.44,28.669999999999998,39.27,18.3,9.62
2021-08-22,25.92,17.36,10.71,47.17,41.76,18.98,8.58
2021-08-23,32.0,21.7,17.0,89.0,34.56,18.72,8.91
2021-08-24,27.84,19.22,9.690000000000001,65.86,40.32,19.5,9.57
2021-08-25,25.6,15.5,12.750000000000002,47.17,31.2,14.82,8.91
2021-08-26,25.6,16.12,8.16,39.160000000000004,39.36,16.12,6.930000000000001
2021-08-27,23.36,15.5,9.01,43.61,32.16,16.64,10.89
2021-08-28,21.76,15.19,11.56,42.72,36.48,15.860000000000001,15.510000000000002
2021-08-29,18.76,18.330000000000002,7.56,31.499999999999996,39.69,19.880000000000003,32.8
2021-08-30,19.32,18.72,8.82,29.4,42.14,18.76,63.959999999999994
2021-08-31,19.32,21.45,9.9,29.4,35.769999999999996,21.840000000000003,82.0
2021-09-01,14.000000000000002,35.88,14.04,42.699999999999996,38.71,25.480000000000004,44.279999999999994
2021-09-02,15.96,36.660000000000004,12.42,61.599999999999994,29.89,23.240000000000002,33.62
2021-09-03,15.96,38.61,13.68,45.5,28.419999999999998,23.520000000000003,61.49999999999999
2021-09-04,14.280000000000001,33.54,11.879999999999999,42.699999999999996,30.87,22.400000000000002,41.0
2021-09-05,17.28,30.02,14.399999999999999,37.52,37.1,21.28,39.0
2021-09-06,21.96,28.88,18.0,38.190000000000005,32.86,28.000000000000004,58.0
2021-09-07,36.0,38.0,15.66,54.940000000000005,45.580000000000005,24.64,100.0
2021-09-08,32.4,29.64,15.66,40.2,40.28,21.000000000000004,62.0
2021-09-09,23.759999999999998,26.6,17.099999999999998,38.190000000000005,34.45,18.76,94.0
2021-09-10,22.32,23.56,12.42,34.84,31.8,19.32,62.0
2021-09-11,19.439999999999998,22.42,12.059999999999999,47.57,32.86,20.44,51.0
2021-09-12,12.96,15.659999999999998,9.28,62.0,28.799999999999997,15.54,35.28
2021-09-13,14.850000000000001,16.529999999999998,11.68,45.26,42.72,13.02,33.839999999999996
2021-09-14,14.850000000000001,17.11,9.6,33.48,32.64,12.809999999999999,43.199999999999996
2021-09-15,14.040000000000001,17.689999999999998,8.16,30.38,41.76,12.18,41.04
2021-09-16,13.770000000000001,17.98,12.96,28.52,27.36,13.229999999999999,29.52
2021-09-17,13.5,14.499999999999998,9.92,20.46,25.919999999999998,13.229999999999999,38.879999999999995
2021-09-18,12.420000000000002,14.499999999999998,10.72,20.46,30.72,12.18,30.24
2021-09-19,14.520000000000001,13.629999999999999,10.92,15.84,29.139999999999997,11.76,13.76
2021-09-20,22.44,17.11,7.4399999999999995,20.68,47.0,17.009999999999998,14.62
2021-09-21,22.44,20.009999999999998,2.88,18.04,37.599999999999994,14.7,12.9
2021-09-22,20.130000000000003,18.56,4.2,15.4,19.74,12.809999999999999,12.47
2021-09-23,18.48,16.24,5.16,15.84,28.669999999999998,13.44,11.61
2021-09-24,27.060000000000002,19.139999999999997,5.76,18.04,35.72,13.02,11.61
2021-09-25,20.46,13.34,7.199999999999999,25.96,32.9,9.87,9.89
2021-09-26,14.560000000000002,11.96,5.720000000000001,13.860000000000001,31.849999999999998,11.44,9.0
2021-09-27,15.120000000000001,13.26,5.46,12.540000000000001,33.32,12.1,8.28
2021-09-28,14.000000000000002,11.96,6.890000000000001,9.24,27.93,10.78,7.92
2021-09-29,14.000000000000002,14.3,8.06,9.57,23.52,13.42,10.08
2021-09-30,13.72,12.74,4.68,10.23,34.3,12.76,7.92
