,date,BTC
0,2017-08-17 00:00:00,4285.08000000
1,2017-08-18 00:00:00,4108.37000000
2,2017-08-19 00:00:00,4139.98000000
3,2017-08-20 00:00:00,4086.29000000
4,2017-08-21 00:00:00,4016.00000000
5,2017-08-22 00:00:00,4040.00000000
6,2017-08-23 00:00:00,4114.01000000
7,2017-08-24 00:00:00,4316.01000000
8,2017-08-25 00:00:00,4280.68000000
9,2017-08-26 00:00:00,4337.44000000
10,2017-08-27 00:00:00,4310.01000000
11,2017-08-28 00:00:00,4386.69000000
12,2017-08-29 00:00:00,4587.48000000
13,2017-08-30 00:00:00,4555.14000000
14,2017-08-31 00:00:00,4724.89000000
15,2017-09-01 00:00:00,4834.91000000
16,2017-09-02 00:00:00,4472.14000000
17,2017-09-03 00:00:00,4509.08000000
18,2017-09-04 00:00:00,4100.11000000
19,2017-09-05 00:00:00,4366.47000000
20,2017-09-06 00:00:00,4619.77000000
21,2017-09-07 00:00:00,4691.61000000
22,2017-09-08 00:00:00,4282.80000000
23,2017-09-09 00:00:00,4258.81000000
24,2017-09-10 00:00:00,4130.37000000
25,2017-09-11 00:00:00,4208.47000000
26,2017-09-12 00:00:00,4163.72000000
27,2017-09-13 00:00:00,3944.69000000
28,2017-09-14 00:00:00,3189.02000000
29,2017-09-15 00:00:00,3700.00000000
30,2017-09-16 00:00:00,3714.95000000
31,2017-09-17 00:00:00,3699.99000000
32,2017-09-18 00:00:00,4035.01000000
33,2017-09-19 00:00:00,3910.04000000
34,2017-09-20 00:00:00,3900.00000000
35,2017-09-21 00:00:00,3609.99000000
36,2017-09-22 00:00:00,3595.87000000
37,2017-09-23 00:00:00,3780.00000000
38,2017-09-24 00:00:00,3660.02000000
39,2017-09-25 00:00:00,3920.75000000
40,2017-09-26 00:00:00,3882.35000000
41,2017-09-27 00:00:00,4193.00000000
42,2017-09-28 00:00:00,4174.50000000
43,2017-09-29 00:00:00,4174.69000000
44,2017-09-30 00:00:00,4378.51000000
45,2017-10-01 00:00:00,4378.48000000
46,2017-10-02 00:00:00,4380.00000000
47,2017-10-03 00:00:00,4310.00000000
48,2017-10-04 00:00:00,4208.59000000
49,2017-10-05 00:00:00,4292.43000000
50,2017-10-06 00:00:00,4369.00000000
51,2017-10-07 00:00:00,4423.00000000
52,2017-10-08 00:00:00,4640.00000000
53,2017-10-09 00:00:00,4786.95000000
54,2017-10-10 00:00:00,4783.06000000
55,2017-10-11 00:00:00,4821.43000000
56,2017-10-12 00:00:00,5430.00000000
57,2017-10-13 00:00:00,5649.98000000
58,2017-10-14 00:00:00,5869.99000000
59,2017-10-15 00:00:00,5709.99000000
60,2017-10-16 00:00:00,5760.02000000
61,2017-10-17 00:00:00,5595.00000000
62,2017-10-18 00:00:00,5512.06000000
63,2017-10-19 00:00:00,5683.90000000
64,2017-10-20 00:00:00,6010.01000000
65,2017-10-21 00:00:00,6024.97000000
66,2017-10-22 00:00:00,5950.02000000
67,2017-10-23 00:00:00,5915.93000000
68,2017-10-24 00:00:00,5477.03000000
69,2017-10-25 00:00:00,5689.99000000
70,2017-10-26 00:00:00,5861.77000000
71,2017-10-27 00:00:00,5768.83000000
72,2017-10-28 00:00:00,5719.64000000
73,2017-10-29 00:00:00,6169.98000000
74,2017-10-30 00:00:00,6120.50000000
75,2017-10-31 00:00:00,6463.00000000
76,2017-11-01 00:00:00,6753.98000000
77,2017-11-02 00:00:00,7019.98000000
78,2017-11-03 00:00:00,7115.04000000
79,2017-11-04 00:00:00,7357.09000000
80,2017-11-05 00:00:00,7345.01000000
81,2017-11-06 00:00:00,6960.12000000
82,2017-11-07 00:00:00,7064.04000000
83,2017-11-08 00:00:00,7303.00000000
84,2017-11-09 00:00:00,7079.99000000
85,2017-11-10 00:00:00,6506.98000000
86,2017-11-11 00:00:00,6245.05000000
87,2017-11-12 00:00:00,5811.03000000
88,2017-11-13 00:00:00,6465.99000000
89,2017-11-14 00:00:00,6574.99000000
90,2017-11-15 00:00:00,7240.06000000
91,2017-11-16 00:00:00,7864.50000000
92,2017-11-17 00:00:00,7699.19000000
93,2017-11-18 00:00:00,7761.94000000
94,2017-11-19 00:00:00,8038.00000000
95,2017-11-20 00:00:00,8212.00000000
96,2017-11-21 00:00:00,8119.51000000
97,2017-11-22 00:00:00,8205.92000000
98,2017-11-23 00:00:00,8019.99000000
99,2017-11-24 00:00:00,8138.00000000
100,2017-11-25 00:00:00,8700.01000000
101,2017-11-26 00:00:00,9128.02000000
102,2017-11-27 00:00:00,9650.00000000
103,2017-11-28 00:00:00,9896.80000000
104,2017-11-29 00:00:00,9687.88000000
105,2017-11-30 00:00:00,9838.96000000
106,2017-12-01 00:00:00,10782.99000000
107,2017-12-02 00:00:00,10890.01000000
108,2017-12-03 00:00:00,11165.41000000
109,2017-12-04 00:00:00,11579.00000000
110,2017-12-05 00:00:00,11699.99000000
111,2017-12-06 00:00:00,13550.05000000
112,2017-12-07 00:00:00,16599.00000000
113,2017-12-08 00:00:00,15880.00000000
114,2017-12-09 00:00:00,14656.07000000
115,2017-12-10 00:00:00,14899.98000000
116,2017-12-11 00:00:00,16587.97000000
117,2017-12-12 00:00:00,16349.99000000
118,2017-12-13 00:00:00,16033.29000000
119,2017-12-14 00:00:00,16334.98000000
120,2017-12-15 00:00:00,17539.83000000
121,2017-12-16 00:00:00,19102.66000000
122,2017-12-17 00:00:00,18860.02000000
123,2017-12-18 00:00:00,18856.25000000
124,2017-12-19 00:00:00,17295.20000000
125,2017-12-20 00:00:00,16488.98000000
126,2017-12-21 00:00:00,15492.64000000
127,2017-12-22 00:00:00,13326.61000000
128,2017-12-23 00:00:00,13300.00000000
129,2017-12-24 00:00:00,13500.00000000
130,2017-12-25 00:00:00,13699.34000000
131,2017-12-26 00:00:00,15689.01000000
132,2017-12-27 00:00:00,15459.99000000
133,2017-12-28 00:00:00,14182.11000000
134,2017-12-29 00:00:00,14378.90000000
135,2017-12-30 00:00:00,12440.01000000
136,2017-12-31 00:00:00,13716.36000000
137,2018-01-01 00:00:00,13380.00000000
138,2018-01-02 00:00:00,14675.11000000
139,2018-01-03 00:00:00,14919.51000000
140,2018-01-04 00:00:00,15059.54000000
141,2018-01-05 00:00:00,16960.39000000
142,2018-01-06 00:00:00,17069.79000000
143,2018-01-07 00:00:00,16150.03000000
144,2018-01-08 00:00:00,14902.54000000
145,2018-01-09 00:00:00,14400.00000000
146,2018-01-10 00:00:00,14907.09000000
147,2018-01-11 00:00:00,13238.78000000
148,2018-01-12 00:00:00,13740.01000000
149,2018-01-13 00:00:00,14210.00000000
150,2018-01-14 00:00:00,13474.99000000
151,2018-01-15 00:00:00,13539.93000000
152,2018-01-16 00:00:00,10900.00000000
153,2018-01-17 00:00:00,10988.79000000
154,2018-01-18 00:00:00,10961.97000000
155,2018-01-19 00:00:00,11474.98000000
156,2018-01-20 00:00:00,12799.94000000
157,2018-01-21 00:00:00,11530.00000000
158,2018-01-22 00:00:00,10760.05000000
159,2018-01-23 00:00:00,10799.18000000
160,2018-01-24 00:00:00,11349.99000000
161,2018-01-25 00:00:00,11175.27000000
162,2018-01-26 00:00:00,11089.00000000
163,2018-01-27 00:00:00,11491.00000000
164,2018-01-28 00:00:00,11879.95000000
165,2018-01-29 00:00:00,11251.00000000
166,2018-01-30 00:00:00,10237.51000000
167,2018-01-31 00:00:00,10285.10000000
168,2018-02-01 00:00:00,9224.52000000
169,2018-02-02 00:00:00,8873.03000000
170,2018-02-03 00:00:00,9199.96000000
171,2018-02-04 00:00:00,8184.81000000
172,2018-02-05 00:00:00,6939.99000000
173,2018-02-06 00:00:00,7652.14000000
174,2018-02-07 00:00:00,7599.00000000
175,2018-02-08 00:00:00,7784.02000000
176,2018-02-09 00:00:00,8683.92000000
177,2018-02-10 00:00:00,8533.98000000
178,2018-02-11 00:00:00,8063.88000000
179,2018-02-12 00:00:00,8903.00000000
180,2018-02-13 00:00:00,8539.90000000
181,2018-02-14 00:00:00,9449.99000000
182,2018-02-15 00:00:00,10000.09000000
183,2018-02-16 00:00:00,10159.98000000
184,2018-02-17 00:00:00,11039.55000000
185,2018-02-18 00:00:00,10383.43000000
186,2018-02-19 00:00:00,11153.00000000
187,2018-02-20 00:00:00,11200.99000000
188,2018-02-21 00:00:00,10437.60000000
189,2018-02-22 00:00:00,9811.04000000
190,2018-02-23 00:00:00,10131.04000000
191,2018-02-24 00:00:00,9694.51000000
192,2018-02-25 00:00:00,9590.00000000
193,2018-02-26 00:00:00,10324.00000000
194,2018-02-27 00:00:00,10569.04000000
195,2018-02-28 00:00:00,10326.76000000
196,2018-03-01 00:00:00,10920.00000000
197,2018-03-02 00:00:00,11039.00000000
198,2018-03-03 00:00:00,11464.48000000
199,2018-03-04 00:00:00,11515.00000000
200,2018-03-05 00:00:00,11454.00000000
201,2018-03-06 00:00:00,10716.48000000
202,2018-03-07 00:00:00,9910.00000000
203,2018-03-08 00:00:00,9271.64000000
204,2018-03-09 00:00:00,9227.00000000
205,2018-03-10 00:00:00,8770.22000000
206,2018-03-11 00:00:00,9533.57000000
207,2018-03-12 00:00:00,9131.34000000
208,2018-03-13 00:00:00,9150.00000000
209,2018-03-14 00:00:00,8170.00000000
210,2018-03-15 00:00:00,8240.98000000
211,2018-03-16 00:00:00,8260.00000000
212,2018-03-17 00:00:00,7824.80000000
213,2018-03-18 00:00:00,8189.99000000
214,2018-03-19 00:00:00,8600.00000000
215,2018-03-20 00:00:00,8909.98000000
216,2018-03-21 00:00:00,8885.00000000
217,2018-03-22 00:00:00,8722.90000000
218,2018-03-23 00:00:00,8898.03000000
219,2018-03-24 00:00:00,8546.86000000
220,2018-03-25 00:00:00,8470.15000000
221,2018-03-26 00:00:00,8134.23000000
222,2018-03-27 00:00:00,7795.51000000
223,2018-03-28 00:00:00,7949.30000000
224,2018-03-29 00:00:00,7090.14000000
225,2018-03-30 00:00:00,6840.23000000
226,2018-03-31 00:00:00,6923.91000000
227,2018-04-01 00:00:00,6813.01000000
228,2018-04-02 00:00:00,7056.00000000
229,2018-04-03 00:00:00,7405.21000000
230,2018-04-04 00:00:00,6796.10000000
231,2018-04-05 00:00:00,6770.76000000
232,2018-04-06 00:00:00,6601.39000000
233,2018-04-07 00:00:00,6895.80000000
234,2018-04-08 00:00:00,7018.00000000
235,2018-04-09 00:00:00,6782.72000000
236,2018-04-10 00:00:00,6843.90000000
237,2018-04-11 00:00:00,6953.79000000
238,2018-04-12 00:00:00,7923.00000000
239,2018-04-13 00:00:00,7877.41000000
240,2018-04-14 00:00:00,7999.01000000
241,2018-04-15 00:00:00,8355.00000000
242,2018-04-16 00:00:00,8064.92000000
243,2018-04-17 00:00:00,7885.02000000
244,2018-04-18 00:00:00,8173.00000000
245,2018-04-19 00:00:00,8278.00000000
246,2018-04-20 00:00:00,8856.98000000
247,2018-04-21 00:00:00,8915.31000000
248,2018-04-22 00:00:00,8787.02000000
249,2018-04-23 00:00:00,8934.01000000
250,2018-04-24 00:00:00,9619.99000000
251,2018-04-25 00:00:00,8869.99000000
252,2018-04-26 00:00:00,9266.00000000
253,2018-04-27 00:00:00,8915.35000000
254,2018-04-28 00:00:00,9348.00000000
255,2018-04-29 00:00:00,9419.00000000
256,2018-04-30 00:00:00,9246.01000000
257,2018-05-01 00:00:00,9071.48000000
258,2018-05-02 00:00:00,9247.84000000
259,2018-05-03 00:00:00,9750.00000000
260,2018-05-04 00:00:00,9713.99000000
261,2018-05-05 00:00:00,9864.00000000
262,2018-05-06 00:00:00,9659.01000000
263,2018-05-07 00:00:00,9365.00000000
264,2018-05-08 00:00:00,9187.56000000
265,2018-05-09 00:00:00,9310.00000000
266,2018-05-10 00:00:00,9002.20000000
267,2018-05-11 00:00:00,8400.00000000
268,2018-05-12 00:00:00,8465.94000000
269,2018-05-13 00:00:00,8679.71000000
270,2018-05-14 00:00:00,8663.34000000
271,2018-05-15 00:00:00,8462.00000000
272,2018-05-16 00:00:00,8330.00000000
273,2018-05-17 00:00:00,8041.46000000
274,2018-05-18 00:00:00,8239.81000000
275,2018-05-19 00:00:00,8233.49000000
276,2018-05-20 00:00:00,8526.98000000
277,2018-05-21 00:00:00,8381.24000000
278,2018-05-22 00:00:00,7977.11000000
279,2018-05-23 00:00:00,7501.95000000
280,2018-05-24 00:00:00,7575.01000000
281,2018-05-25 00:00:00,7457.00000000
282,2018-05-26 00:00:00,7333.96000000
283,2018-05-27 00:00:00,7338.99000000
284,2018-05-28 00:00:00,7099.00000000
285,2018-05-29 00:00:00,7461.29000000
286,2018-05-30 00:00:00,7375.96000000
287,2018-05-31 00:00:00,7485.01000000
288,2018-06-01 00:00:00,7521.01000000
289,2018-06-02 00:00:00,7640.03000000
290,2018-06-03 00:00:00,7714.26000000
291,2018-06-04 00:00:00,7487.00000000
292,2018-06-05 00:00:00,7625.00000000
293,2018-06-06 00:00:00,7658.84000000
294,2018-06-07 00:00:00,7691.08000000
295,2018-06-08 00:00:00,7603.44000000
296,2018-06-09 00:00:00,7491.73000000
297,2018-06-10 00:00:00,6764.99000000
298,2018-06-11 00:00:00,6872.00000000
299,2018-06-12 00:00:00,6530.00000000
300,2018-06-13 00:00:00,6292.78000000
301,2018-06-14 00:00:00,6635.98000000
302,2018-06-15 00:00:00,6388.90000000
303,2018-06-16 00:00:00,6483.98000000
304,2018-06-17 00:00:00,6449.61000000
305,2018-06-18 00:00:00,6712.46000000
306,2018-06-19 00:00:00,6741.21000000
307,2018-06-20 00:00:00,6761.51000000
308,2018-06-21 00:00:00,6718.84000000
309,2018-06-22 00:00:00,6045.00000000
310,2018-06-23 00:00:00,6149.98000000
311,2018-06-24 00:00:00,6136.97000000
312,2018-06-25 00:00:00,6252.00000000
313,2018-06-26 00:00:00,6070.78000000
314,2018-06-27 00:00:00,6133.73000000
315,2018-06-28 00:00:00,5853.98000000
316,2018-06-29 00:00:00,6197.92000000
317,2018-06-30 00:00:00,6390.07000000
318,2018-07-01 00:00:00,6356.81000000
319,2018-07-02 00:00:00,6615.29000000
320,2018-07-03 00:00:00,6513.86000000
321,2018-07-04 00:00:00,6586.98000000
322,2018-07-05 00:00:00,6529.20000000
323,2018-07-06 00:00:00,6609.78000000
324,2018-07-07 00:00:00,6756.98000000
325,2018-07-08 00:00:00,6712.10000000
326,2018-07-09 00:00:00,6662.12000000
327,2018-07-10 00:00:00,6296.91000000
328,2018-07-11 00:00:00,6378.07000000
329,2018-07-12 00:00:00,6250.57000000
330,2018-07-13 00:00:00,6214.57000000
331,2018-07-14 00:00:00,6251.99000000
332,2018-07-15 00:00:00,6353.01000000
333,2018-07-16 00:00:00,6723.35000000
334,2018-07-17 00:00:00,7317.44000000
335,2018-07-18 00:00:00,7381.90000000
336,2018-07-19 00:00:00,7466.21000000
337,2018-07-20 00:00:00,7337.53000000
338,2018-07-21 00:00:00,7398.78000000
339,2018-07-22 00:00:00,7394.79000000
340,2018-07-23 00:00:00,7721.01000000
341,2018-07-24 00:00:00,8397.24000000
342,2018-07-25 00:00:00,8175.64000000
343,2018-07-26 00:00:00,7920.00000000
344,2018-07-27 00:00:00,8188.57000000
345,2018-07-28 00:00:00,8225.04000000
346,2018-07-29 00:00:00,8211.00000000
347,2018-07-30 00:00:00,8173.92000000
348,2018-07-31 00:00:00,7730.93000000
349,2018-08-01 00:00:00,7604.58000000
350,2018-08-02 00:00:00,7525.71000000
351,2018-08-03 00:00:00,7418.78000000
352,2018-08-04 00:00:00,7009.84000000
353,2018-08-05 00:00:00,7024.19000000
354,2018-08-06 00:00:00,6934.82000000
355,2018-08-07 00:00:00,6720.06000000
356,2018-08-08 00:00:00,6285.00000000
357,2018-08-09 00:00:00,6529.79000000
358,2018-08-10 00:00:00,6144.01000000
359,2018-08-11 00:00:00,6232.35000000
360,2018-08-12 00:00:00,6308.33000000
361,2018-08-13 00:00:00,6246.35000000
362,2018-08-14 00:00:00,6188.08000000
363,2018-08-15 00:00:00,6267.16000000
364,2018-08-16 00:00:00,6311.75000000
365,2018-08-17 00:00:00,6584.49000000
366,2018-08-18 00:00:00,6387.96000000
367,2018-08-19 00:00:00,6477.53000000
368,2018-08-20 00:00:00,6254.84000000
369,2018-08-21 00:00:00,6480.00000000
370,2018-08-22 00:00:00,6360.89000000
371,2018-08-23 00:00:00,6525.01000000
372,2018-08-24 00:00:00,6681.64000000
373,2018-08-25 00:00:00,6733.64000000
374,2018-08-26 00:00:00,6700.00000000
375,2018-08-27 00:00:00,6908.64000000
376,2018-08-28 00:00:00,7076.11000000
377,2018-08-29 00:00:00,7031.22000000
378,2018-08-30 00:00:00,6984.84000000
379,2018-08-31 00:00:00,7011.21000000
380,2018-09-01 00:00:00,7200.01000000
381,2018-09-02 00:00:00,7302.01000000
382,2018-09-03 00:00:00,7263.02000000
383,2018-09-04 00:00:00,7359.06000000
384,2018-09-05 00:00:00,6700.00000000
385,2018-09-06 00:00:00,6516.01000000
386,2018-09-07 00:00:00,6395.54000000
387,2018-09-08 00:00:00,6185.05000000
388,2018-09-09 00:00:00,6250.81000000
389,2018-09-10 00:00:00,6312.00000000
390,2018-09-11 00:00:00,6294.91000000
391,2018-09-12 00:00:00,6338.62000000
392,2018-09-13 00:00:00,6487.38000000
393,2018-09-14 00:00:00,6476.63000000
394,2018-09-15 00:00:00,6514.96000000
395,2018-09-16 00:00:00,6505.00000000
396,2018-09-17 00:00:00,6248.69000000
397,2018-09-18 00:00:00,6336.45000000
398,2018-09-19 00:00:00,6391.89000000
399,2018-09-20 00:00:00,6492.00000000
400,2018-09-21 00:00:00,6759.02000000
401,2018-09-22 00:00:00,6723.05000000
402,2018-09-23 00:00:00,6708.00000000
403,2018-09-24 00:00:00,6581.39000000
404,2018-09-25 00:00:00,6447.54000000
405,2018-09-26 00:00:00,6465.12000000
406,2018-09-27 00:00:00,6689.13000000
407,2018-09-28 00:00:00,6634.58000000
408,2018-09-29 00:00:00,6596.38000000
409,2018-09-30 00:00:00,6626.57000000
410,2018-10-01 00:00:00,6611.61000000
411,2018-10-02 00:00:00,6525.79000000
412,2018-10-03 00:00:00,6510.00000000
413,2018-10-04 00:00:00,6593.79000000
414,2018-10-05 00:00:00,6635.65000000
415,2018-10-06 00:00:00,6594.27000000
416,2018-10-07 00:00:00,6615.26000000
417,2018-10-08 00:00:00,6673.01000000
418,2018-10-09 00:00:00,6656.61000000
419,2018-10-10 00:00:00,6631.00000000
420,2018-10-11 00:00:00,6252.68000000
421,2018-10-12 00:00:00,6298.01000000
422,2018-10-13 00:00:00,6332.93000000
423,2018-10-14 00:00:00,6339.34000000
424,2018-10-15 00:00:00,6752.50000000
425,2018-10-16 00:00:00,6759.27000000
426,2018-10-17 00:00:00,6740.89000000
427,2018-10-18 00:00:00,6618.96000000
428,2018-10-19 00:00:00,6528.88000000
429,2018-10-20 00:00:00,6588.40000000
430,2018-10-21 00:00:00,6590.11000000
431,2018-10-22 00:00:00,6581.20000000
432,2018-10-23 00:00:00,6553.51000000
433,2018-10-24 00:00:00,6565.50000000
434,2018-10-25 00:00:00,6528.09000000
435,2018-10-26 00:00:00,6538.63000000
436,2018-10-27 00:00:00,6505.60000000
437,2018-10-28 00:00:00,6489.93000000
438,2018-10-29 00:00:00,6344.50000000
439,2018-10-30 00:00:00,6330.87000000
440,2018-10-31 00:00:00,6371.93000000
441,2018-11-01 00:00:00,6410.00000000
442,2018-11-02 00:00:00,6433.98000000
443,2018-11-03 00:00:00,6387.09000000
444,2018-11-04 00:00:00,6485.85000000
445,2018-11-05 00:00:00,6468.99000000
446,2018-11-06 00:00:00,6519.11000000
447,2018-11-07 00:00:00,6578.46000000
448,2018-11-08 00:00:00,6479.84000000
449,2018-11-09 00:00:00,6419.99000000
450,2018-11-10 00:00:00,6433.05000000
451,2018-11-11 00:00:00,6449.81000000
452,2018-11-12 00:00:00,6453.07000000
453,2018-11-13 00:00:00,6457.66000000
454,2018-11-14 00:00:00,5922.41000000
455,2018-11-15 00:00:00,5753.40000000
456,2018-11-16 00:00:00,5655.94000000
457,2018-11-17 00:00:00,5628.29000000
458,2018-11-18 00:00:00,5662.00000000
459,2018-11-19 00:00:00,4910.03000000
460,2018-11-20 00:00:00,4558.86000000
461,2018-11-21 00:00:00,4661.07000000
462,2018-11-22 00:00:00,4370.00000000
463,2018-11-23 00:00:00,4420.61000000
464,2018-11-24 00:00:00,3932.44000000
465,2018-11-25 00:00:00,4085.78000000
466,2018-11-26 00:00:00,3862.20000000
467,2018-11-27 00:00:00,3875.21000000
468,2018-11-28 00:00:00,4264.85000000
469,2018-11-29 00:00:00,4295.84000000
470,2018-11-30 00:00:00,4041.32000000
471,2018-12-01 00:00:00,4190.02000000
472,2018-12-02 00:00:00,4161.01000000
473,2018-12-03 00:00:00,3884.01000000
474,2018-12-04 00:00:00,3951.64000000
475,2018-12-05 00:00:00,3769.84000000
476,2018-12-06 00:00:00,3508.75000000
477,2018-12-07 00:00:00,3403.55000000
478,2018-12-08 00:00:00,3410.93000000
479,2018-12-09 00:00:00,3545.37000000
480,2018-12-10 00:00:00,3432.88000000
481,2018-12-11 00:00:00,3380.39000000
482,2018-12-12 00:00:00,3445.00000000
483,2018-12-13 00:00:00,3302.06000000
484,2018-12-14 00:00:00,3224.17000000
485,2018-12-15 00:00:00,3211.72000000
486,2018-12-16 00:00:00,3228.67000000
487,2018-12-17 00:00:00,3509.08000000
488,2018-12-18 00:00:00,3652.98000000
489,2018-12-19 00:00:00,3662.22000000
490,2018-12-20 00:00:00,4049.62000000
491,2018-12-21 00:00:00,3838.66000000
492,2018-12-22 00:00:00,3948.91000000
493,2018-12-23 00:00:00,3929.71000000
494,2018-12-24 00:00:00,4008.01000000
495,2018-12-25 00:00:00,3745.79000000
496,2018-12-26 00:00:00,3777.74000000
497,2018-12-27 00:00:00,3567.91000000
498,2018-12-28 00:00:00,3839.26000000
499,2018-12-29 00:00:00,3695.32000000
500,2018-12-30 00:00:00,3801.91000000
501,2018-12-31 00:00:00,3702.90000000
502,2019-01-01 00:00:00,3797.14000000
503,2019-01-02 00:00:00,3858.56000000
504,2019-01-03 00:00:00,3766.78000000
505,2019-01-04 00:00:00,3792.01000000
506,2019-01-05 00:00:00,3770.96000000
507,2019-01-06 00:00:00,3987.60000000
508,2019-01-07 00:00:00,3975.45000000
509,2019-01-08 00:00:00,3955.13000000
510,2019-01-09 00:00:00,3966.65000000
511,2019-01-10 00:00:00,3585.88000000
512,2019-01-11 00:00:00,3601.31000000
513,2019-01-12 00:00:00,3583.13000000
514,2019-01-13 00:00:00,3476.81000000
515,2019-01-14 00:00:00,3626.09000000
516,2019-01-15 00:00:00,3553.06000000
517,2019-01-16 00:00:00,3591.84000000
518,2019-01-17 00:00:00,3616.21000000
519,2019-01-18 00:00:00,3594.87000000
520,2019-01-19 00:00:00,3665.30000000
521,2019-01-20 00:00:00,3539.28000000
522,2019-01-21 00:00:00,3526.90000000
523,2019-01-22 00:00:00,3570.93000000
524,2019-01-23 00:00:00,3552.82000000
525,2019-01-24 00:00:00,3569.62000000
526,2019-01-25 00:00:00,3565.29000000
527,2019-01-26 00:00:00,3565.25000000
528,2019-01-27 00:00:00,3550.84000000
529,2019-01-28 00:00:00,3434.15000000
530,2019-01-29 00:00:00,3411.04000000
531,2019-01-30 00:00:00,3458.18000000
532,2019-01-31 00:00:00,3434.10000000
533,2019-02-01 00:00:00,3462.07000000
534,2019-02-02 00:00:00,3504.77000000
535,2019-02-03 00:00:00,3458.11000000
536,2019-02-04 00:00:00,3463.22000000
537,2019-02-05 00:00:00,3471.59000000
538,2019-02-06 00:00:00,3405.37000000
539,2019-02-07 00:00:00,3398.40000000
540,2019-02-08 00:00:00,3659.04000000
541,2019-02-09 00:00:00,3665.18000000
542,2019-02-10 00:00:00,3680.06000000
543,2019-02-11 00:00:00,3631.05000000
544,2019-02-12 00:00:00,3631.46000000
545,2019-02-13 00:00:00,3609.40000000
546,2019-02-14 00:00:00,3590.56000000
547,2019-02-15 00:00:00,3602.47000000
548,2019-02-16 00:00:00,3618.41000000
549,2019-02-17 00:00:00,3667.58000000
550,2019-02-18 00:00:00,3898.60000000
551,2019-02-19 00:00:00,3907.79000000
552,2019-02-20 00:00:00,3969.74000000
553,2019-02-21 00:00:00,3937.31000000
554,2019-02-22 00:00:00,3962.00000000
555,2019-02-23 00:00:00,4117.76000000
556,2019-02-24 00:00:00,3743.56000000
557,2019-02-25 00:00:00,3827.92000000
558,2019-02-26 00:00:00,3809.23000000
559,2019-02-27 00:00:00,3818.07000000
560,2019-02-28 00:00:00,3813.69000000
561,2019-03-01 00:00:00,3823.00000000
562,2019-03-02 00:00:00,3819.93000000
563,2019-03-03 00:00:00,3807.75000000
564,2019-03-04 00:00:00,3715.30000000
565,2019-03-05 00:00:00,3857.73000000
566,2019-03-06 00:00:00,3861.84000000
567,2019-03-07 00:00:00,3873.64000000
568,2019-03-08 00:00:00,3864.89000000
569,2019-03-09 00:00:00,3943.04000000
570,2019-03-10 00:00:00,3916.82000000
571,2019-03-11 00:00:00,3871.61000000
572,2019-03-12 00:00:00,3882.73000000
573,2019-03-13 00:00:00,3866.00000000
574,2019-03-14 00:00:00,3877.12000000
575,2019-03-15 00:00:00,3923.76000000
576,2019-03-16 00:00:00,4005.98000000
577,2019-03-17 00:00:00,3981.14000000
578,2019-03-18 00:00:00,3987.81000000
579,2019-03-19 00:00:00,4015.53000000
580,2019-03-20 00:00:00,4043.04000000
581,2019-03-21 00:00:00,3980.64000000
582,2019-03-22 00:00:00,3986.93000000
583,2019-03-23 00:00:00,4006.01000000
584,2019-03-24 00:00:00,3992.18000000
585,2019-03-25 00:00:00,3936.12000000
586,2019-03-26 00:00:00,3948.55000000
587,2019-03-27 00:00:00,4038.05000000
588,2019-03-28 00:00:00,4027.81000000
589,2019-03-29 00:00:00,4103.25000000
590,2019-03-30 00:00:00,4106.97000000
591,2019-03-31 00:00:00,4103.95000000
592,2019-04-01 00:00:00,4144.56000000
593,2019-04-02 00:00:00,4857.29000000
594,2019-04-03 00:00:00,4932.60000000
595,2019-04-04 00:00:00,4898.66000000
596,2019-04-05 00:00:00,5004.95000000
597,2019-04-06 00:00:00,5043.89000000
598,2019-04-07 00:00:00,5170.27000000
599,2019-04-08 00:00:00,5236.90000000
600,2019-04-09 00:00:00,5150.00000000
601,2019-04-10 00:00:00,5308.25000000
602,2019-04-11 00:00:00,5017.37000000
603,2019-04-12 00:00:00,5048.01000000
604,2019-04-13 00:00:00,5045.22000000
605,2019-04-14 00:00:00,5131.30000000
606,2019-04-15 00:00:00,5024.95000000
607,2019-04-16 00:00:00,5173.72000000
608,2019-04-17 00:00:00,5202.82000000
609,2019-04-18 00:00:00,5258.44000000
610,2019-04-19 00:00:00,5258.68000000
611,2019-04-20 00:00:00,5291.73000000
612,2019-04-21 00:00:00,5256.14000000
613,2019-04-22 00:00:00,5357.14000000
614,2019-04-23 00:00:00,5493.31000000
615,2019-04-24 00:00:00,5415.00000000
616,2019-04-25 00:00:00,5219.90000000
617,2019-04-26 00:00:00,5314.10000000
618,2019-04-27 00:00:00,5295.69000000
619,2019-04-28 00:00:00,5307.52000000
620,2019-04-29 00:00:00,5238.14000000
621,2019-04-30 00:00:00,5320.81000000
622,2019-05-01 00:00:00,5383.20000000
623,2019-05-02 00:00:00,5492.87000000
624,2019-05-03 00:00:00,5772.69000000
625,2019-05-04 00:00:00,5829.45000000
626,2019-05-05 00:00:00,5775.62000000
627,2019-05-06 00:00:00,5747.79000000
628,2019-05-07 00:00:00,5846.34000000
629,2019-05-08 00:00:00,5987.29000000
630,2019-05-09 00:00:00,6209.18000000
631,2019-05-10 00:00:00,6373.33000000
632,2019-05-11 00:00:00,7076.22000000
633,2019-05-12 00:00:00,6967.31000000
634,2019-05-13 00:00:00,7790.71000000
635,2019-05-14 00:00:00,7947.56000000
636,2019-05-15 00:00:00,8169.87000000
637,2019-05-16 00:00:00,7866.59000000
638,2019-05-17 00:00:00,7355.26000000
639,2019-05-18 00:00:00,7257.45000000
640,2019-05-19 00:00:00,8148.48000000
641,2019-05-20 00:00:00,7938.15000000
642,2019-05-21 00:00:00,7904.87000000
643,2019-05-22 00:00:00,7628.43000000
644,2019-05-23 00:00:00,7851.51000000
645,2019-05-24 00:00:00,7964.87000000
646,2019-05-25 00:00:00,8025.41000000
647,2019-05-26 00:00:00,8614.43000000
648,2019-05-27 00:00:00,8756.32000000
649,2019-05-28 00:00:00,8715.64000000
650,2019-05-29 00:00:00,8645.68000000
651,2019-05-30 00:00:00,8269.54000000
652,2019-05-31 00:00:00,8555.00000000
653,2019-06-01 00:00:00,8544.07000000
654,2019-06-02 00:00:00,8725.98000000
655,2019-06-03 00:00:00,8115.82000000
656,2019-06-04 00:00:00,7687.03000000
657,2019-06-05 00:00:00,7776.50000000
658,2019-06-06 00:00:00,7786.70000000
659,2019-06-07 00:00:00,7980.53000000
660,2019-06-08 00:00:00,7893.62000000
661,2019-06-09 00:00:00,7628.13000000
662,2019-06-10 00:00:00,7982.75000000
663,2019-06-11 00:00:00,7884.90000000
664,2019-06-12 00:00:00,8127.64000000
665,2019-06-13 00:00:00,8218.54000000
666,2019-06-14 00:00:00,8650.00000000
667,2019-06-15 00:00:00,8808.70000000
668,2019-06-16 00:00:00,8953.33000000
669,2019-06-17 00:00:00,9313.96000000
670,2019-06-18 00:00:00,9081.55000000
671,2019-06-19 00:00:00,9255.49000000
672,2019-06-20 00:00:00,9517.12000000
673,2019-06-21 00:00:00,10159.86000000
674,2019-06-22 00:00:00,10729.50000000
675,2019-06-23 00:00:00,10906.07000000
676,2019-06-24 00:00:00,11056.59000000
677,2019-06-25 00:00:00,11820.86000000
678,2019-06-26 00:00:00,13093.80000000
679,2019-06-27 00:00:00,11329.99000000
680,2019-06-28 00:00:00,12400.63000000
681,2019-06-29 00:00:00,11903.13000000
682,2019-06-30 00:00:00,10854.10000000
683,2019-07-01 00:00:00,10624.93000000
684,2019-07-02 00:00:00,10842.85000000
685,2019-07-03 00:00:00,11940.00000000
686,2019-07-04 00:00:00,11145.67000000
687,2019-07-05 00:00:00,10970.73000000
688,2019-07-06 00:00:00,11256.49000000
689,2019-07-07 00:00:00,11406.24000000
690,2019-07-08 00:00:00,12238.60000000
691,2019-07-09 00:00:00,12543.41000000
692,2019-07-10 00:00:00,12108.37000000
693,2019-07-11 00:00:00,11342.89000000
694,2019-07-12 00:00:00,11757.22000000
695,2019-07-13 00:00:00,11355.76000000
696,2019-07-14 00:00:00,10174.18000000
697,2019-07-15 00:00:00,10838.72000000
698,2019-07-16 00:00:00,9439.59000000
699,2019-07-17 00:00:00,9667.92000000
700,2019-07-18 00:00:00,10627.16000000
701,2019-07-19 00:00:00,10504.29000000
702,2019-07-20 00:00:00,10740.23000000
703,2019-07-21 00:00:00,10589.45000000
704,2019-07-22 00:00:00,10340.31000000
705,2019-07-23 00:00:00,9864.91000000
706,2019-07-24 00:00:00,9763.28000000
707,2019-07-25 00:00:00,9879.87000000
708,2019-07-26 00:00:00,9824.00000000
709,2019-07-27 00:00:00,9476.52000000
710,2019-07-28 00:00:00,9541.54000000
711,2019-07-29 00:00:00,9507.64000000
712,2019-07-30 00:00:00,9574.21000000
713,2019-07-31 00:00:00,10080.53000000
714,2019-08-01 00:00:00,10374.99000000
715,2019-08-02 00:00:00,10523.75000000
716,2019-08-03 00:00:00,10816.86000000
717,2019-08-04 00:00:00,10929.23000000
718,2019-08-05 00:00:00,11828.80000000
719,2019-08-06 00:00:00,11481.69000000
720,2019-08-07 00:00:00,11975.03000000
721,2019-08-08 00:00:00,11999.77000000
722,2019-08-09 00:00:00,11879.99000000
723,2019-08-10 00:00:00,11309.31000000
724,2019-08-11 00:00:00,11549.97000000
725,2019-08-12 00:00:00,11396.08000000
726,2019-08-13 00:00:00,10892.71000000
727,2019-08-14 00:00:00,10050.37000000
728,2019-08-15 00:00:00,10293.93000000
729,2019-08-16 00:00:00,10331.54000000
730,2019-08-17 00:00:00,10216.02000000
731,2019-08-18 00:00:00,10306.78000000
732,2019-08-19 00:00:00,10915.54000000
733,2019-08-20 00:00:00,10760.51000000
734,2019-08-21 00:00:00,10142.57000000
735,2019-08-22 00:00:00,10099.88000000
736,2019-08-23 00:00:00,10389.55000000
737,2019-08-24 00:00:00,10134.35000000
738,2019-08-25 00:00:00,10142.69000000
739,2019-08-26 00:00:00,10372.25000000
740,2019-08-27 00:00:00,10185.05000000
741,2019-08-28 00:00:00,9721.00000000
742,2019-08-29 00:00:00,9498.44000000
743,2019-08-30 00:00:00,9584.54000000
744,2019-08-31 00:00:00,9587.47000000
745,2019-09-01 00:00:00,9724.98000000
746,2019-09-02 00:00:00,10340.00000000
747,2019-09-03 00:00:00,10615.28000000
748,2019-09-04 00:00:00,10567.02000000
749,2019-09-05 00:00:00,10564.49000000
750,2019-09-06 00:00:00,10298.73000000
751,2019-09-07 00:00:00,10455.88000000
752,2019-09-08 00:00:00,10381.18000000
753,2019-09-09 00:00:00,10303.12000000
754,2019-09-10 00:00:00,10098.15000000
755,2019-09-11 00:00:00,10158.33000000
756,2019-09-12 00:00:00,10415.01000000
757,2019-09-13 00:00:00,10342.06000000
758,2019-09-14 00:00:00,10335.02000000
759,2019-09-15 00:00:00,10302.01000000
760,2019-09-16 00:00:00,10251.31000000
761,2019-09-17 00:00:00,10187.82000000
762,2019-09-18 00:00:00,10156.99000000
763,2019-09-19 00:00:00,10244.29000000
764,2019-09-20 00:00:00,10168.59000000
765,2019-09-21 00:00:00,9986.39000000
766,2019-09-22 00:00:00,10028.87000000
767,2019-09-23 00:00:00,9702.25000000
768,2019-09-24 00:00:00,8493.14000000
769,2019-09-25 00:00:00,8430.05000000
770,2019-09-26 00:00:00,8063.73000000
771,2019-09-27 00:00:00,8177.91000000
772,2019-09-28 00:00:00,8198.81000000
773,2019-09-29 00:00:00,8043.82000000
774,2019-09-30 00:00:00,8289.34000000
775,2019-10-01 00:00:00,8292.44000000
776,2019-10-02 00:00:00,8359.94000000
777,2019-10-03 00:00:00,8223.96000000
778,2019-10-04 00:00:00,8137.13000000
779,2019-10-05 00:00:00,8126.19000000
780,2019-10-06 00:00:00,7854.25000000
781,2019-10-07 00:00:00,8190.09000000
782,2019-10-08 00:00:00,8168.39000000
783,2019-10-09 00:00:00,8560.74000000
784,2019-10-10 00:00:00,8558.03000000
785,2019-10-11 00:00:00,8258.50000000
786,2019-10-12 00:00:00,8300.09000000
787,2019-10-13 00:00:00,8275.01000000
788,2019-10-14 00:00:00,8348.20000000
789,2019-10-15 00:00:00,8159.29000000
790,2019-10-16 00:00:00,7991.74000000
791,2019-10-17 00:00:00,8070.58000000
792,2019-10-18 00:00:00,7947.01000000
793,2019-10-19 00:00:00,7948.01000000
794,2019-10-20 00:00:00,8223.35000000
795,2019-10-21 00:00:00,8197.27000000
796,2019-10-22 00:00:00,8020.00000000
797,2019-10-23 00:00:00,7466.62000000
798,2019-10-24 00:00:00,7412.41000000
799,2019-10-25 00:00:00,8655.02000000
800,2019-10-26 00:00:00,9230.00000000
801,2019-10-27 00:00:00,9529.93000000
802,2019-10-28 00:00:00,9205.14000000
803,2019-10-29 00:00:00,9407.62000000
804,2019-10-30 00:00:00,9154.72000000
805,2019-10-31 00:00:00,9140.85000000
806,2019-11-01 00:00:00,9231.61000000
807,2019-11-02 00:00:00,9289.52000000
808,2019-11-03 00:00:00,9194.71000000
809,2019-11-04 00:00:00,9393.35000000
810,2019-11-05 00:00:00,9308.66000000
811,2019-11-06 00:00:00,9339.05000000
812,2019-11-07 00:00:00,9216.20000000
813,2019-11-08 00:00:00,8773.73000000
814,2019-11-09 00:00:00,8809.41000000
815,2019-11-10 00:00:00,9039.47000000
816,2019-11-11 00:00:00,8733.27000000
817,2019-11-12 00:00:00,8821.94000000
818,2019-11-13 00:00:00,8777.12000000
819,2019-11-14 00:00:00,8646.68000000
820,2019-11-15 00:00:00,8471.73000000
821,2019-11-16 00:00:00,8491.02000000
822,2019-11-17 00:00:00,8502.40000000
823,2019-11-18 00:00:00,8187.17000000
824,2019-11-19 00:00:00,8133.64000000
825,2019-11-20 00:00:00,8098.01000000
826,2019-11-21 00:00:00,7627.74000000
827,2019-11-22 00:00:00,7268.23000000
828,2019-11-23 00:00:00,7311.57000000
829,2019-11-24 00:00:00,6903.28000000
830,2019-11-25 00:00:00,7109.57000000
831,2019-11-26 00:00:00,7156.14000000
832,2019-11-27 00:00:00,7508.52000000
833,2019-11-28 00:00:00,7419.49000000
834,2019-11-29 00:00:00,7739.68000000
835,2019-11-30 00:00:00,7541.89000000
836,2019-12-01 00:00:00,7390.89000000
837,2019-12-02 00:00:00,7294.28000000
838,2019-12-03 00:00:00,7292.71000000
839,2019-12-04 00:00:00,7194.32000000
840,2019-12-05 00:00:00,7389.00000000
841,2019-12-06 00:00:00,7527.47000000
842,2019-12-07 00:00:00,7488.21000000
843,2019-12-08 00:00:00,7510.11000000
844,2019-12-09 00:00:00,7338.64000000
845,2019-12-10 00:00:00,7224.13000000
846,2019-12-11 00:00:00,7210.00000000
847,2019-12-12 00:00:00,7198.08000000
848,2019-12-13 00:00:00,7258.48000000
849,2019-12-14 00:00:00,7064.05000000
850,2019-12-15 00:00:00,7118.59000000
851,2019-12-16 00:00:00,6891.72000000
852,2019-12-17 00:00:00,6623.82000000
853,2019-12-18 00:00:00,7277.83000000
854,2019-12-19 00:00:00,7150.30000000
855,2019-12-20 00:00:00,7187.83000000
856,2019-12-21 00:00:00,7132.75000000
857,2019-12-22 00:00:00,7501.44000000
858,2019-12-23 00:00:00,7317.09000000
859,2019-12-24 00:00:00,7255.77000000
860,2019-12-25 00:00:00,7204.63000000
861,2019-12-26 00:00:00,7202.00000000
862,2019-12-27 00:00:00,7254.74000000
863,2019-12-28 00:00:00,7316.14000000
864,2019-12-29 00:00:00,7388.24000000
865,2019-12-30 00:00:00,7246.00000000
866,2019-12-31 00:00:00,7195.23000000
867,2020-01-01 00:00:00,7200.85000000
868,2020-01-02 00:00:00,6965.71000000
869,2020-01-03 00:00:00,7344.96000000
870,2020-01-04 00:00:00,7354.11000000
871,2020-01-05 00:00:00,7358.75000000
872,2020-01-06 00:00:00,7758.00000000
873,2020-01-07 00:00:00,8145.28000000
874,2020-01-08 00:00:00,8055.98000000
875,2020-01-09 00:00:00,7817.76000000
876,2020-01-10 00:00:00,8197.02000000
877,2020-01-11 00:00:00,8020.01000000
878,2020-01-12 00:00:00,8184.98000000
879,2020-01-13 00:00:00,8110.34000000
880,2020-01-14 00:00:00,8810.01000000
881,2020-01-15 00:00:00,8821.41000000
882,2020-01-16 00:00:00,8720.01000000
883,2020-01-17 00:00:00,8913.28000000
884,2020-01-18 00:00:00,8915.96000000
885,2020-01-19 00:00:00,8701.70000000
886,2020-01-20 00:00:00,8642.35000000
887,2020-01-21 00:00:00,8736.03000000
888,2020-01-22 00:00:00,8682.36000000
889,2020-01-23 00:00:00,8404.52000000
890,2020-01-24 00:00:00,8439.00000000
891,2020-01-25 00:00:00,8340.58000000
892,2020-01-26 00:00:00,8615.00000000
893,2020-01-27 00:00:00,8907.57000000
894,2020-01-28 00:00:00,9374.21000000
895,2020-01-29 00:00:00,9301.53000000
896,2020-01-30 00:00:00,9513.21000000
897,2020-01-31 00:00:00,9352.89000000
898,2020-02-01 00:00:00,9384.61000000
899,2020-02-02 00:00:00,9331.51000000
900,2020-02-03 00:00:00,9292.24000000
901,2020-02-04 00:00:00,9197.02000000
902,2020-02-05 00:00:00,9612.04000000
903,2020-02-06 00:00:00,9772.00000000
904,2020-02-07 00:00:00,9813.73000000
905,2020-02-08 00:00:00,9895.05000000
906,2020-02-09 00:00:00,10151.75000000
907,2020-02-10 00:00:00,9851.83000000
908,2020-02-11 00:00:00,10223.08000000
909,2020-02-12 00:00:00,10326.46000000
910,2020-02-13 00:00:00,10229.63000000
911,2020-02-14 00:00:00,10344.36000000
912,2020-02-15 00:00:00,9904.72000000
913,2020-02-16 00:00:00,9917.27000000
914,2020-02-17 00:00:00,9706.00000000
915,2020-02-18 00:00:00,10164.71000000
916,2020-02-19 00:00:00,9593.79000000
917,2020-02-20 00:00:00,9596.42000000
918,2020-02-21 00:00:00,9677.05000000
919,2020-02-22 00:00:00,9650.86000000
920,2020-02-23 00:00:00,9936.40000000
921,2020-02-24 00:00:00,9656.13000000
922,2020-02-25 00:00:00,9315.84000000
923,2020-02-26 00:00:00,8785.25000000
924,2020-02-27 00:00:00,8823.21000000
925,2020-02-28 00:00:00,8692.91000000
926,2020-02-29 00:00:00,8523.61000000
927,2020-03-01 00:00:00,8531.88000000
928,2020-03-02 00:00:00,8915.24000000
929,2020-03-03 00:00:00,8760.07000000
930,2020-03-04 00:00:00,8750.87000000
931,2020-03-05 00:00:00,9054.68000000
932,2020-03-06 00:00:00,9131.88000000
933,2020-03-07 00:00:00,8886.66000000
934,2020-03-08 00:00:00,8033.31000000
935,2020-03-09 00:00:00,7929.87000000
936,2020-03-10 00:00:00,7894.56000000
937,2020-03-11 00:00:00,7934.52000000
938,2020-03-12 00:00:00,4800.00000000
939,2020-03-13 00:00:00,5578.60000000
940,2020-03-14 00:00:00,5172.06000000
941,2020-03-15 00:00:00,5361.30000000
942,2020-03-16 00:00:00,5028.97000000
943,2020-03-17 00:00:00,5312.64000000
944,2020-03-18 00:00:00,5393.04000000
945,2020-03-19 00:00:00,6162.37000000
946,2020-03-20 00:00:00,6208.36000000
947,2020-03-21 00:00:00,6186.98000000
948,2020-03-22 00:00:00,5816.19000000
949,2020-03-23 00:00:00,6467.31000000
950,2020-03-24 00:00:00,6744.72000000
951,2020-03-25 00:00:00,6677.43000000
952,2020-03-26 00:00:00,6737.36000000
953,2020-03-27 00:00:00,6359.11000000
954,2020-03-28 00:00:00,6236.65000000
955,2020-03-29 00:00:00,5881.42000000
956,2020-03-30 00:00:00,6394.38000000
957,2020-03-31 00:00:00,6410.44000000
958,2020-04-01 00:00:00,6642.92000000
959,2020-04-02 00:00:00,6794.09000000
960,2020-04-03 00:00:00,6734.10000000
961,2020-04-04 00:00:00,6856.99000000
962,2020-04-05 00:00:00,6772.78000000
963,2020-04-06 00:00:00,7329.90000000
964,2020-04-07 00:00:00,7197.32000000
965,2020-04-08 00:00:00,7361.28000000
966,2020-04-09 00:00:00,7283.54000000
967,2020-04-10 00:00:00,6858.92000000
968,2020-04-11 00:00:00,6876.83000000
969,2020-04-12 00:00:00,6903.79000000
970,2020-04-13 00:00:00,6837.91000000
971,2020-04-14 00:00:00,6868.70000000
972,2020-04-15 00:00:00,6621.24000000
973,2020-04-16 00:00:00,7101.94000000
974,2020-04-17 00:00:00,7027.55000000
975,2020-04-18 00:00:00,7248.60000000
976,2020-04-19 00:00:00,7120.74000000
977,2020-04-20 00:00:00,6826.83000000
978,2020-04-21 00:00:00,6841.37000000
979,2020-04-22 00:00:00,7125.14000000
980,2020-04-23 00:00:00,7482.39000000
981,2020-04-24 00:00:00,7505.00000000
982,2020-04-25 00:00:00,7538.67000000
983,2020-04-26 00:00:00,7693.10000000
984,2020-04-27 00:00:00,7774.62000000
985,2020-04-28 00:00:00,7738.98000000
986,2020-04-29 00:00:00,8778.57000000
987,2020-04-30 00:00:00,8620.00000000
988,2020-05-01 00:00:00,8826.96000000
989,2020-05-02 00:00:00,8972.05000000
990,2020-05-03 00:00:00,8894.16000000
991,2020-05-04 00:00:00,8871.96000000
992,2020-05-05 00:00:00,9021.83000000
993,2020-05-06 00:00:00,9142.92000000
994,2020-05-07 00:00:00,9986.40000000
995,2020-05-08 00:00:00,9800.01000000
996,2020-05-09 00:00:00,9539.40000000
997,2020-05-10 00:00:00,8722.77000000
998,2020-05-11 00:00:00,8561.52000000
999,2020-05-12 00:00:00,8810.79000000
1000,2020-05-13 00:00:00,9309.37000000
1001,2020-05-14 00:00:00,9791.98000000
1002,2020-05-15 00:00:00,9316.42000000
1003,2020-05-16 00:00:00,9381.27000000
1004,2020-05-17 00:00:00,9680.04000000
1005,2020-05-18 00:00:00,9733.93000000
1006,2020-05-19 00:00:00,9775.53000000
1007,2020-05-20 00:00:00,9511.43000000
1008,2020-05-21 00:00:00,9068.65000000
1009,2020-05-22 00:00:00,9170.00000000
1010,2020-05-23 00:00:00,9179.15000000
1011,2020-05-24 00:00:00,8720.34000000
1012,2020-05-25 00:00:00,8900.35000000
1013,2020-05-26 00:00:00,8841.18000000
1014,2020-05-27 00:00:00,9204.07000000
1015,2020-05-28 00:00:00,9575.89000000
1016,2020-05-29 00:00:00,9427.07000000
1017,2020-05-30 00:00:00,9697.72000000
1018,2020-05-31 00:00:00,9448.27000000
1019,2020-06-01 00:00:00,10200.77000000
1020,2020-06-02 00:00:00,9518.04000000
1021,2020-06-03 00:00:00,9666.24000000
1022,2020-06-04 00:00:00,9789.06000000
1023,2020-06-05 00:00:00,9621.16000000
1024,2020-06-06 00:00:00,9666.30000000
1025,2020-06-07 00:00:00,9746.99000000
1026,2020-06-08 00:00:00,9782.01000000
1027,2020-06-09 00:00:00,9772.43000000
1028,2020-06-10 00:00:00,9885.00000000
1029,2020-06-11 00:00:00,9280.40000000
1030,2020-06-12 00:00:00,9465.13000000
1031,2020-06-13 00:00:00,9473.34000000
1032,2020-06-14 00:00:00,9342.10000000
1033,2020-06-15 00:00:00,9426.02000000
1034,2020-06-16 00:00:00,9525.59000000
1035,2020-06-17 00:00:00,9465.14000000
1036,2020-06-18 00:00:00,9386.32000000
1037,2020-06-19 00:00:00,9310.23000000
1038,2020-06-20 00:00:00,9358.95000000
1039,2020-06-21 00:00:00,9294.69000000
1040,2020-06-22 00:00:00,9685.69000000
1041,2020-06-23 00:00:00,9624.89000000
1042,2020-06-24 00:00:00,9296.49000000
1043,2020-06-25 00:00:00,9249.49000000
1044,2020-06-26 00:00:00,9162.21000000
1045,2020-06-27 00:00:00,9012.00000000
1046,2020-06-28 00:00:00,9116.35000000
1047,2020-06-29 00:00:00,9192.56000000
1048,2020-06-30 00:00:00,9138.55000000
1049,2020-07-01 00:00:00,9232.00000000
1050,2020-07-02 00:00:00,9086.54000000
1051,2020-07-03 00:00:00,9058.26000000
1052,2020-07-04 00:00:00,9135.46000000
1053,2020-07-05 00:00:00,9069.41000000
1054,2020-07-06 00:00:00,9344.20000000
1055,2020-07-07 00:00:00,9257.39000000
1056,2020-07-08 00:00:00,9436.06000000
1057,2020-07-09 00:00:00,9232.43000000
1058,2020-07-10 00:00:00,9288.34000000
1059,2020-07-11 00:00:00,9234.03000000
1060,2020-07-12 00:00:00,9302.75000000
1061,2020-07-13 00:00:00,9242.62000000
1062,2020-07-14 00:00:00,9255.85000000
1063,2020-07-15 00:00:00,9197.60000000
1064,2020-07-16 00:00:00,9133.72000000
1065,2020-07-17 00:00:00,9154.32000000
1066,2020-07-18 00:00:00,9170.28000000
1067,2020-07-19 00:00:00,9208.99000000
1068,2020-07-20 00:00:00,9160.78000000
1069,2020-07-21 00:00:00,9390.00000000
1070,2020-07-22 00:00:00,9518.16000000
1071,2020-07-23 00:00:00,9603.27000000
1072,2020-07-24 00:00:00,9537.80000000
1073,2020-07-25 00:00:00,9700.42000000
1074,2020-07-26 00:00:00,9931.54000000
1075,2020-07-27 00:00:00,11029.96000000
1076,2020-07-28 00:00:00,10906.27000000
1077,2020-07-29 00:00:00,11100.53000000
1078,2020-07-30 00:00:00,11099.61000000
1079,2020-07-31 00:00:00,11335.46000000
1080,2020-08-01 00:00:00,11801.17000000
1081,2020-08-02 00:00:00,11071.35000000
1082,2020-08-03 00:00:00,11219.81000000
1083,2020-08-04 00:00:00,11191.97000000
1084,2020-08-05 00:00:00,11744.91000000
1085,2020-08-06 00:00:00,11762.46000000
1086,2020-08-07 00:00:00,11594.23000000
1087,2020-08-08 00:00:00,11761.41000000
1088,2020-08-09 00:00:00,11681.68000000
1089,2020-08-10 00:00:00,11892.92000000
1090,2020-08-11 00:00:00,11392.08000000
1091,2020-08-12 00:00:00,11564.33000000
1092,2020-08-13 00:00:00,11780.00000000
1093,2020-08-14 00:00:00,11760.54000000
1094,2020-08-15 00:00:00,11852.40000000
1095,2020-08-16 00:00:00,11911.00000000
1096,2020-08-17 00:00:00,12281.13000000
1097,2020-08-18 00:00:00,11945.01000000
1098,2020-08-19 00:00:00,11754.59000000
1099,2020-08-20 00:00:00,11853.55000000
1100,2020-08-21 00:00:00,11531.34000000
1101,2020-08-22 00:00:00,11662.96000000
1102,2020-08-23 00:00:00,11648.13000000
1103,2020-08-24 00:00:00,11748.20000000
1104,2020-08-25 00:00:00,11318.42000000
1105,2020-08-26 00:00:00,11461.43000000
1106,2020-08-27 00:00:00,11330.38000000
1107,2020-08-28 00:00:00,11526.91000000
1108,2020-08-29 00:00:00,11465.84000000
1109,2020-08-30 00:00:00,11711.16000000
1110,2020-08-31 00:00:00,11649.51000000
1111,2020-09-01 00:00:00,11921.97000000
1112,2020-09-02 00:00:00,11388.54000000
1113,2020-09-03 00:00:00,10140.85000000
1114,2020-09-04 00:00:00,10446.25000000
1115,2020-09-05 00:00:00,10166.69000000
1116,2020-09-06 00:00:00,10256.20000000
1117,2020-09-07 00:00:00,10373.44000000
1118,2020-09-08 00:00:00,10126.65000000
1119,2020-09-09 00:00:00,10219.20000000
1120,2020-09-10 00:00:00,10336.87000000
1121,2020-09-11 00:00:00,10387.89000000
1122,2020-09-12 00:00:00,10440.92000000
1123,2020-09-13 00:00:00,10332.83000000
1124,2020-09-14 00:00:00,10671.77000000
1125,2020-09-15 00:00:00,10785.31000000
1126,2020-09-16 00:00:00,10954.01000000
1127,2020-09-17 00:00:00,10939.99000000
1128,2020-09-18 00:00:00,10933.39000000
1129,2020-09-19 00:00:00,11080.65000000
1130,2020-09-20 00:00:00,10920.28000000
1131,2020-09-21 00:00:00,10417.22000000
1132,2020-09-22 00:00:00,10529.61000000
1133,2020-09-23 00:00:00,10241.46000000
1134,2020-09-24 00:00:00,10736.32000000
1135,2020-09-25 00:00:00,10686.67000000
1136,2020-09-26 00:00:00,10728.60000000
1137,2020-09-27 00:00:00,10774.25000000
1138,2020-09-28 00:00:00,10696.12000000
1139,2020-09-29 00:00:00,10840.48000000
1140,2020-09-30 00:00:00,10776.59000000
1141,2020-10-01 00:00:00,10619.13000000
1142,2020-10-02 00:00:00,10570.40000000
1143,2020-10-03 00:00:00,10542.06000000
1144,2020-10-04 00:00:00,10666.63000000
1145,2020-10-05 00:00:00,10792.21000000
1146,2020-10-06 00:00:00,10599.66000000
1147,2020-10-07 00:00:00,10666.39000000
1148,2020-10-08 00:00:00,10925.57000000
1149,2020-10-09 00:00:00,11050.64000000
1150,2020-10-10 00:00:00,11293.22000000
1151,2020-10-11 00:00:00,11369.02000000
1152,2020-10-12 00:00:00,11528.25000000
1153,2020-10-13 00:00:00,11420.56000000
1154,2020-10-14 00:00:00,11417.89000000
1155,2020-10-15 00:00:00,11505.12000000
1156,2020-10-16 00:00:00,11319.32000000
1157,2020-10-17 00:00:00,11360.20000000
1158,2020-10-18 00:00:00,11503.14000000
1159,2020-10-19 00:00:00,11751.47000000
1160,2020-10-20 00:00:00,11909.99000000
1161,2020-10-21 00:00:00,12780.96000000
1162,2020-10-22 00:00:00,12968.52000000
1163,2020-10-23 00:00:00,12923.07000000
1164,2020-10-24 00:00:00,13111.73000000
1165,2020-10-25 00:00:00,13028.83000000
1166,2020-10-26 00:00:00,13052.19000000
1167,2020-10-27 00:00:00,13636.17000000
1168,2020-10-28 00:00:00,13266.40000000
1169,2020-10-29 00:00:00,13455.70000000
1170,2020-10-30 00:00:00,13560.10000000
1171,2020-10-31 00:00:00,13791.00000000
1172,2020-11-01 00:00:00,13761.50000000
1173,2020-11-02 00:00:00,13549.37000000
1174,2020-11-03 00:00:00,14023.53000000
1175,2020-11-04 00:00:00,14144.01000000
1176,2020-11-05 00:00:00,15590.02000000
1177,2020-11-06 00:00:00,15579.92000000
1178,2020-11-07 00:00:00,14818.30000000
1179,2020-11-08 00:00:00,15475.10000000
1180,2020-11-09 00:00:00,15328.41000000
1181,2020-11-10 00:00:00,15297.21000000
1182,2020-11-11 00:00:00,15684.24000000
1183,2020-11-12 00:00:00,16291.86000000
1184,2020-11-13 00:00:00,16320.70000000
1185,2020-11-14 00:00:00,16070.45000000
1186,2020-11-15 00:00:00,15957.00000000
1187,2020-11-16 00:00:00,16713.57000000
1188,2020-11-17 00:00:00,17659.38000000
1189,2020-11-18 00:00:00,17776.12000000
1190,2020-11-19 00:00:00,17802.82000000
1191,2020-11-20 00:00:00,18655.67000000
1192,2020-11-21 00:00:00,18703.80000000
1193,2020-11-22 00:00:00,18414.43000000
1194,2020-11-23 00:00:00,18368.00000000
1195,2020-11-24 00:00:00,19160.01000000
1196,2020-11-25 00:00:00,18719.11000000
1197,2020-11-26 00:00:00,17149.47000000
1198,2020-11-27 00:00:00,17139.52000000
1199,2020-11-28 00:00:00,17719.85000000
1200,2020-11-29 00:00:00,18184.99000000
1201,2020-11-30 00:00:00,19695.87000000
1202,2020-12-01 00:00:00,18764.96000000
1203,2020-12-02 00:00:00,19204.09000000
1204,2020-12-03 00:00:00,19421.90000000
1205,2020-12-04 00:00:00,18650.52000000
1206,2020-12-05 00:00:00,19147.66000000
1207,2020-12-06 00:00:00,19359.40000000
1208,2020-12-07 00:00:00,19166.90000000
1209,2020-12-08 00:00:00,18324.11000000
1210,2020-12-09 00:00:00,18541.28000000
1211,2020-12-10 00:00:00,18254.63000000
1212,2020-12-11 00:00:00,18036.53000000
1213,2020-12-12 00:00:00,18808.69000000
1214,2020-12-13 00:00:00,19174.99000000
1215,2020-12-14 00:00:00,19273.14000000
1216,2020-12-15 00:00:00,19426.43000000
1217,2020-12-16 00:00:00,21335.52000000
1218,2020-12-17 00:00:00,22797.16000000
1219,2020-12-18 00:00:00,23107.39000000
1220,2020-12-19 00:00:00,23821.61000000
1221,2020-12-20 00:00:00,23455.52000000
1222,2020-12-21 00:00:00,22719.71000000
1223,2020-12-22 00:00:00,23810.79000000
1224,2020-12-23 00:00:00,23232.76000000
1225,2020-12-24 00:00:00,23729.20000000
1226,2020-12-25 00:00:00,24712.47000000
1227,2020-12-26 00:00:00,26493.39000000
1228,2020-12-27 00:00:00,26281.66000000
1229,2020-12-28 00:00:00,27079.41000000
1230,2020-12-29 00:00:00,27385.00000000
1231,2020-12-30 00:00:00,28875.54000000
1232,2020-12-31 00:00:00,28923.63000000
1233,2021-01-01 00:00:00,29331.69000000
1234,2021-01-02 00:00:00,32178.33000000
1235,2021-01-03 00:00:00,33000.05000000
1236,2021-01-04 00:00:00,31988.71000000
1237,2021-01-05 00:00:00,33949.53000000
1238,2021-01-06 00:00:00,36769.36000000
1239,2021-01-07 00:00:00,39432.28000000
1240,2021-01-08 00:00:00,40582.81000000
1241,2021-01-09 00:00:00,40088.22000000
1242,2021-01-10 00:00:00,38150.02000000
1243,2021-01-11 00:00:00,35404.47000000
1244,2021-01-12 00:00:00,34051.24000000
1245,2021-01-13 00:00:00,37371.38000000
1246,2021-01-14 00:00:00,39144.50000000
1247,2021-01-15 00:00:00,36742.22000000
1248,2021-01-16 00:00:00,35994.98000000
1249,2021-01-17 00:00:00,35828.61000000
1250,2021-01-18 00:00:00,36631.27000000
1251,2021-01-19 00:00:00,35891.49000000
1252,2021-01-20 00:00:00,35468.23000000
1253,2021-01-21 00:00:00,30850.13000000
1254,2021-01-22 00:00:00,32945.17000000
1255,2021-01-23 00:00:00,32078.00000000
1256,2021-01-24 00:00:00,32259.90000000
1257,2021-01-25 00:00:00,32254.20000000
1258,2021-01-26 00:00:00,32467.77000000
1259,2021-01-27 00:00:00,30366.15000000
1260,2021-01-28 00:00:00,33364.86000000
1261,2021-01-29 00:00:00,34252.20000000
1262,2021-01-30 00:00:00,34262.88000000
1263,2021-01-31 00:00:00,33092.98000000
1264,2021-02-01 00:00:00,33526.37000000
1265,2021-02-02 00:00:00,35466.24000000
1266,2021-02-03 00:00:00,37618.87000000
1267,2021-02-04 00:00:00,36936.66000000
1268,2021-02-05 00:00:00,38290.24000000
1269,2021-02-06 00:00:00,39186.94000000
1270,2021-02-07 00:00:00,38795.69000000
1271,2021-02-08 00:00:00,46374.87000000
1272,2021-02-09 00:00:00,46420.42000000
1273,2021-02-10 00:00:00,44807.58000000
1274,2021-02-11 00:00:00,47969.51000000
1275,2021-02-12 00:00:00,47287.60000000
1276,2021-02-13 00:00:00,47153.69000000
1277,2021-02-14 00:00:00,48577.79000000
1278,2021-02-15 00:00:00,47911.10000000
1279,2021-02-16 00:00:00,49133.45000000
1280,2021-02-17 00:00:00,52119.71000000
1281,2021-02-18 00:00:00,51552.60000000
1282,2021-02-19 00:00:00,55906.00000000
1283,2021-02-20 00:00:00,55841.19000000
1284,2021-02-21 00:00:00,57408.57000000
1285,2021-02-22 00:00:00,54087.67000000
1286,2021-02-23 00:00:00,48891.00000000
1287,2021-02-24 00:00:00,49676.20000000
1288,2021-02-25 00:00:00,47073.73000000
1289,2021-02-26 00:00:00,46276.87000000
1290,2021-02-27 00:00:00,46106.43000000
1291,2021-02-28 00:00:00,45135.66000000
1292,2021-03-01 00:00:00,49587.03000000
1293,2021-03-02 00:00:00,48440.65000000
1294,2021-03-03 00:00:00,50349.37000000
1295,2021-03-04 00:00:00,48374.09000000
1296,2021-03-05 00:00:00,48751.71000000
1297,2021-03-06 00:00:00,48882.20000000
1298,2021-03-07 00:00:00,50971.75000000
1299,2021-03-08 00:00:00,52375.17000000
1300,2021-03-09 00:00:00,54884.50000000
1301,2021-03-10 00:00:00,55851.59000000
1302,2021-03-11 00:00:00,57773.16000000
1303,2021-03-12 00:00:00,57221.72000000
1304,2021-03-13 00:00:00,61188.39000000
1305,2021-03-14 00:00:00,58968.31000000
1306,2021-03-15 00:00:00,55605.20000000
1307,2021-03-16 00:00:00,56900.75000000
1308,2021-03-17 00:00:00,58912.97000000
1309,2021-03-18 00:00:00,57648.16000000
1310,2021-03-19 00:00:00,58030.01000000
1311,2021-03-20 00:00:00,58102.28000000
1312,2021-03-21 00:00:00,57351.56000000
1313,2021-03-22 00:00:00,54083.25000000
1314,2021-03-23 00:00:00,54340.89000000
1315,2021-03-24 00:00:00,52303.65000000
1316,2021-03-25 00:00:00,51293.78000000
1317,2021-03-26 00:00:00,55025.59000000
1318,2021-03-27 00:00:00,55817.14000000
1319,2021-03-28 00:00:00,55777.63000000
1320,2021-03-29 00:00:00,57635.47000000
1321,2021-03-30 00:00:00,58746.57000000
1322,2021-03-31 00:00:00,58740.55000000
1323,2021-04-01 00:00:00,58720.44000000
1324,2021-04-02 00:00:00,58950.01000000
1325,2021-04-03 00:00:00,57051.94000000
1326,2021-04-04 00:00:00,58202.01000000
1327,2021-04-05 00:00:00,59129.99000000
1328,2021-04-06 00:00:00,57991.15000000
1329,2021-04-07 00:00:00,55953.45000000
1330,2021-04-08 00:00:00,58077.52000000
1331,2021-04-09 00:00:00,58142.54000000
1332,2021-04-10 00:00:00,59769.13000000
1333,2021-04-11 00:00:00,60002.43000000
1334,2021-04-12 00:00:00,59860.00000000
1335,2021-04-13 00:00:00,63575.00000000
1336,2021-04-14 00:00:00,62959.53000000
1337,2021-04-15 00:00:00,63159.98000000
1338,2021-04-16 00:00:00,61334.80000000
1339,2021-04-17 00:00:00,60006.66000000
1340,2021-04-18 00:00:00,56150.01000000
1341,2021-04-19 00:00:00,55633.14000000
1342,2021-04-20 00:00:00,56425.00000000
1343,2021-04-21 00:00:00,53787.63000000
1344,2021-04-22 00:00:00,51690.96000000
1345,2021-04-23 00:00:00,51125.14000000
1346,2021-04-24 00:00:00,50047.84000000
1347,2021-04-25 00:00:00,49066.77000000
1348,2021-04-26 00:00:00,54001.39000000
1349,2021-04-27 00:00:00,55011.97000000
1350,2021-04-28 00:00:00,54846.22000000
1351,2021-04-29 00:00:00,53555.00000000
1352,2021-04-30 00:00:00,57694.27000000
1353,2021-05-01 00:00:00,57800.37000000
1354,2021-05-02 00:00:00,56578.21000000
1355,2021-05-03 00:00:00,57169.39000000
1356,2021-05-04 00:00:00,53200.01000000
1357,2021-05-05 00:00:00,57436.11000000
1358,2021-05-06 00:00:00,56393.68000000
1359,2021-05-07 00:00:00,57314.75000000
1360,2021-05-08 00:00:00,58862.05000000
1361,2021-05-09 00:00:00,58240.84000000
1362,2021-05-10 00:00:00,55816.14000000
1363,2021-05-11 00:00:00,56670.02000000
1364,2021-05-12 00:00:00,49631.32000000
1365,2021-05-13 00:00:00,49670.97000000
1366,2021-05-14 00:00:00,49841.45000000
1367,2021-05-15 00:00:00,46762.99000000
1368,2021-05-16 00:00:00,46431.50000000
1369,2021-05-17 00:00:00,43538.04000000
1370,2021-05-18 00:00:00,42849.78000000
1371,2021-05-19 00:00:00,36690.09000000
1372,2021-05-20 00:00:00,40526.64000000
1373,2021-05-21 00:00:00,37252.01000000
1374,2021-05-22 00:00:00,37449.73000000
1375,2021-05-23 00:00:00,34655.25000000
1376,2021-05-24 00:00:00,38796.29000000
1377,2021-05-25 00:00:00,38324.72000000
1378,2021-05-26 00:00:00,39241.91000000
1379,2021-05-27 00:00:00,38529.98000000
1380,2021-05-28 00:00:00,35663.49000000
1381,2021-05-29 00:00:00,34605.15000000
1382,2021-05-30 00:00:00,35641.27000000
1383,2021-05-31 00:00:00,37253.81000000
1384,2021-06-01 00:00:00,36693.09000000
1385,2021-06-02 00:00:00,37568.68000000
1386,2021-06-03 00:00:00,39246.79000000
1387,2021-06-04 00:00:00,36829.00000000
1388,2021-06-05 00:00:00,35513.20000000
1389,2021-06-06 00:00:00,35796.31000000
1390,2021-06-07 00:00:00,33552.79000000
1391,2021-06-08 00:00:00,33380.81000000
1392,2021-06-09 00:00:00,37388.05000000
1393,2021-06-10 00:00:00,36675.72000000
1394,2021-06-11 00:00:00,37331.98000000
1395,2021-06-12 00:00:00,35546.11000000
1396,2021-06-13 00:00:00,39020.57000000
1397,2021-06-14 00:00:00,40516.29000000
1398,2021-06-15 00:00:00,40144.04000000
1399,2021-06-16 00:00:00,38349.01000000
1400,2021-06-17 00:00:00,38092.97000000
1401,2021-06-18 00:00:00,35819.84000000
1402,2021-06-19 00:00:00,35483.72000000
1403,2021-06-20 00:00:00,35600.16000000
1404,2021-06-21 00:00:00,31608.93000000
1405,2021-06-22 00:00:00,32509.56000000
1406,2021-06-23 00:00:00,33678.07000000
1407,2021-06-24 00:00:00,34663.09000000
1408,2021-06-25 00:00:00,31584.45000000
1409,2021-06-26 00:00:00,32283.65000000
1410,2021-06-27 00:00:00,34700.34000000
1411,2021-06-28 00:00:00,34494.89000000
1412,2021-06-29 00:00:00,35911.73000000
1413,2021-06-30 00:00:00,35045.00000000
1414,2021-07-01 00:00:00,33504.69000000
1415,2021-07-02 00:00:00,33786.55000000
1416,2021-07-03 00:00:00,34669.13000000
1417,2021-07-04 00:00:00,35286.51000000
1418,2021-07-05 00:00:00,33690.14000000
1419,2021-07-06 00:00:00,34220.01000000
1420,2021-07-07 00:00:00,33862.12000000
1421,2021-07-08 00:00:00,32875.71000000
1422,2021-07-09 00:00:00,33815.81000000
1423,2021-07-10 00:00:00,33502.87000000
1424,2021-07-11 00:00:00,34258.99000000
1425,2021-07-12 00:00:00,33086.63000000
1426,2021-07-13 00:00:00,32729.77000000
1427,2021-07-14 00:00:00,32820.02000000
1428,2021-07-15 00:00:00,31880.00000000
1429,2021-07-16 00:00:00,31383.87000000
1430,2021-07-17 00:00:00,31520.07000000
1431,2021-07-18 00:00:00,31778.56000000
1432,2021-07-19 00:00:00,30839.65000000
1433,2021-07-20 00:00:00,29790.35000000
1434,2021-07-21 00:00:00,32144.51000000
1435,2021-07-22 00:00:00,32287.83000000
1436,2021-07-23 00:00:00,33634.09000000
1437,2021-07-24 00:00:00,34258.14000000
1438,2021-07-25 00:00:00,35381.02000000
1439,2021-07-26 00:00:00,37237.60000000
1440,2021-07-27 00:00:00,39457.87000000
1441,2021-07-28 00:00:00,40019.56000000
1442,2021-07-29 00:00:00,40016.48000000
1443,2021-07-30 00:00:00,42206.37000000
1444,2021-07-31 00:00:00,41461.83000000
1445,2021-08-01 00:00:00,39845.44000000
1446,2021-08-02 00:00:00,39147.82000000
1447,2021-08-03 00:00:00,38207.05000000
1448,2021-08-04 00:00:00,39723.18000000
1449,2021-08-05 00:00:00,40862.46000000
1450,2021-08-06 00:00:00,42836.87000000
1451,2021-08-07 00:00:00,44572.54000000
1452,2021-08-08 00:00:00,43794.37000000
1453,2021-08-09 00:00:00,46253.40000000
1454,2021-08-10 00:00:00,45584.99000000
1455,2021-08-11 00:00:00,45511.00000000
1456,2021-08-12 00:00:00,44399.00000000
1457,2021-08-13 00:00:00,47800.00000000
1458,2021-08-14 00:00:00,47068.51000000
1459,2021-08-15 00:00:00,46973.82000000
1460,2021-08-16 00:00:00,45901.29000000
1461,2021-08-17 00:00:00,44695.95000000
1462,2021-08-18 00:00:00,44705.29000000
1463,2021-08-19 00:00:00,46760.62000000
1464,2021-08-20 00:00:00,49322.47000000
1465,2021-08-21 00:00:00,48821.87000000
1466,2021-08-22 00:00:00,49239.22000000
1467,2021-08-23 00:00:00,49488.85000000
1468,2021-08-24 00:00:00,47674.01000000
1469,2021-08-25 00:00:00,48973.32000000
1470,2021-08-26 00:00:00,46843.87000000
1471,2021-08-27 00:00:00,49069.90000000
1472,2021-08-28 00:00:00,48895.35000000
1473,2021-08-29 00:00:00,48767.83000000
1474,2021-08-30 00:00:00,46982.91000000
1475,2021-08-31 00:00:00,47100.89000000
1476,2021-09-01 00:00:00,48810.52000000
1477,2021-09-02 00:00:00,49246.64000000
1478,2021-09-03 00:00:00,49999.14000000
1479,2021-09-04 00:00:00,49915.64000000
1480,2021-09-05 00:00:00,51756.88000000
1481,2021-09-06 00:00:00,52663.90000000
1482,2021-09-07 00:00:00,46863.73000000
1483,2021-09-08 00:00:00,46048.31000000
1484,2021-09-09 00:00:00,46395.14000000
1485,2021-09-10 00:00:00,44850.91000000
1486,2021-09-11 00:00:00,45173.69000000
1487,2021-09-12 00:00:00,46025.24000000
1488,2021-09-13 00:00:00,44940.73000000
1489,2021-09-14 00:00:00,47111.52000000
1490,2021-09-15 00:00:00,48121.41000000
1491,2021-09-16 00:00:00,47737.82000000
1492,2021-09-17 00:00:00,47299.98000000
1493,2021-09-18 00:00:00,48292.74000000
1494,2021-09-19 00:00:00,47241.75000000
1495,2021-09-20 00:00:00,43015.62000000
1496,2021-09-21 00:00:00,40734.38000000
1497,2021-09-22 00:00:00,43543.61000000
1498,2021-09-23 00:00:00,44865.26000000
1499,2021-09-24 00:00:00,42810.57000000
1500,2021-09-25 00:00:00,42670.64000000
1501,2021-09-26 00:00:00,43160.90000000
1502,2021-09-27 00:00:00,42147.35000000
1503,2021-09-28 00:00:00,41026.54000000
1504,2021-09-29 00:00:00,41524.28000000
1505,2021-09-30 00:00:00,43824.10000000
1506,2021-10-01 00:00:00,48141.61000000
1507,2021-10-02 00:00:00,47634.90000000
1508,2021-10-03 00:00:00,48200.01000000
1509,2021-10-04 00:00:00,49224.94000000
1510,2021-10-05 00:00:00,51471.99000000
1511,2021-10-06 00:00:00,55315.00000000
1512,2021-10-07 00:00:00,53785.22000000
1513,2021-10-08 00:00:00,53951.43000000
1514,2021-10-09 00:00:00,54949.72000000
1515,2021-10-10 00:00:00,54659.00000000
1516,2021-10-11 00:00:00,57471.35000000
1517,2021-10-12 00:00:00,55996.93000000
1518,2021-10-13 00:00:00,57367.00000000
1519,2021-10-14 00:00:00,57347.94000000
1520,2021-10-15 00:00:00,61672.42000000
1521,2021-10-16 00:00:00,60875.57000000
1522,2021-10-17 00:00:00,61528.33000000
1523,2021-10-18 00:00:00,62009.84000000
1524,2021-10-19 00:00:00,64280.59000000
1525,2021-10-20 00:00:00,66720.00000000
