,date,ETH
0,2017-08-17 00:00:00,302.00000000
1,2017-08-18 00:00:00,293.96000000
2,2017-08-19 00:00:00,290.91000000
3,2017-08-20 00:00:00,299.10000000
4,2017-08-21 00:00:00,323.29000000
5,2017-08-22 00:00:00,309.80000000
6,2017-08-23 00:00:00,315.74000000
7,2017-08-24 00:00:00,323.42000000
8,2017-08-25 00:00:00,327.24000000
9,2017-08-26 00:00:00,330.79000000
10,2017-08-27 00:00:00,348.13000000
11,2017-08-28 00:00:00,346.00000000
12,2017-08-29 00:00:00,374.70000000
13,2017-08-30 00:00:00,385.93000000
14,2017-08-31 00:00:00,384.79000000
15,2017-09-01 00:00:00,388.46000000
16,2017-09-02 00:00:00,343.14000000
17,2017-09-03 00:00:00,341.77000000
18,2017-09-04 00:00:00,283.77000000
19,2017-09-05 00:00:00,312.09000000
20,2017-09-06 00:00:00,335.00000000
21,2017-09-07 00:00:00,334.49000000
22,2017-09-08 00:00:00,302.99000000
23,2017-09-09 00:00:00,296.74000000
24,2017-09-10 00:00:00,293.50000000
25,2017-09-11 00:00:00,297.30000000
26,2017-09-12 00:00:00,293.96000000
27,2017-09-13 00:00:00,276.91000000
28,2017-09-14 00:00:00,215.21000000
29,2017-09-15 00:00:00,253.00000000
30,2017-09-16 00:00:00,249.31000000
31,2017-09-17 00:00:00,257.55000000
32,2017-09-18 00:00:00,294.57000000
33,2017-09-19 00:00:00,284.00000000
34,2017-09-20 00:00:00,282.00000000
35,2017-09-21 00:00:00,257.00000000
36,2017-09-22 00:00:00,264.00000000
37,2017-09-23 00:00:00,285.93000000
38,2017-09-24 00:00:00,282.00000000
39,2017-09-25 00:00:00,294.42000000
40,2017-09-26 00:00:00,287.90000000
41,2017-09-27 00:00:00,309.74000000
42,2017-09-28 00:00:00,302.44000000
43,2017-09-29 00:00:00,292.22000000
44,2017-09-30 00:00:00,304.36000000
45,2017-10-01 00:00:00,303.95000000
46,2017-10-02 00:00:00,296.50000000
47,2017-10-03 00:00:00,292.48000000
48,2017-10-04 00:00:00,291.99000000
49,2017-10-05 00:00:00,294.81000000
50,2017-10-06 00:00:00,310.80000000
51,2017-10-07 00:00:00,311.01000000
52,2017-10-08 00:00:00,311.07000000
53,2017-10-09 00:00:00,297.19000000
54,2017-10-10 00:00:00,298.64000000
55,2017-10-11 00:00:00,304.01000000
56,2017-10-12 00:00:00,303.99000000
57,2017-10-13 00:00:00,337.96000000
58,2017-10-14 00:00:00,342.00000000
59,2017-10-15 00:00:00,337.96000000
60,2017-10-16 00:00:00,335.19000000
61,2017-10-17 00:00:00,315.19000000
62,2017-10-18 00:00:00,309.70000000
63,2017-10-19 00:00:00,308.66000000
64,2017-10-20 00:00:00,304.51000000
65,2017-10-21 00:00:00,298.94000000
66,2017-10-22 00:00:00,293.79000000
67,2017-10-23 00:00:00,281.09000000
68,2017-10-24 00:00:00,297.38000000
69,2017-10-25 00:00:00,294.49000000
70,2017-10-26 00:00:00,294.71000000
71,2017-10-27 00:00:00,296.33000000
72,2017-10-28 00:00:00,291.87000000
73,2017-10-29 00:00:00,305.00000000
74,2017-10-30 00:00:00,307.25000000
75,2017-10-31 00:00:00,304.90000000
76,2017-11-01 00:00:00,287.01000000
77,2017-11-02 00:00:00,283.12000000
78,2017-11-03 00:00:00,304.08000000
79,2017-11-04 00:00:00,298.04000000
80,2017-11-05 00:00:00,295.53000000
81,2017-11-06 00:00:00,297.97000000
82,2017-11-07 00:00:00,291.78000000
83,2017-11-08 00:00:00,303.02000000
84,2017-11-09 00:00:00,317.87000000
85,2017-11-10 00:00:00,293.50000000
86,2017-11-11 00:00:00,310.02000000
87,2017-11-12 00:00:00,305.24000000
88,2017-11-13 00:00:00,312.99000000
89,2017-11-14 00:00:00,335.61000000
90,2017-11-15 00:00:00,331.33000000
91,2017-11-16 00:00:00,331.49000000
92,2017-11-17 00:00:00,331.23000000
93,2017-11-18 00:00:00,346.66000000
94,2017-11-19 00:00:00,354.15000000
95,2017-11-20 00:00:00,367.42000000
96,2017-11-21 00:00:00,362.12000000
97,2017-11-22 00:00:00,380.65000000
98,2017-11-23 00:00:00,405.00000000
99,2017-11-24 00:00:00,469.00000000
100,2017-11-25 00:00:00,461.82000000
101,2017-11-26 00:00:00,462.84000000
102,2017-11-27 00:00:00,472.31000000
103,2017-11-28 00:00:00,466.17000000
104,2017-11-29 00:00:00,421.70000000
105,2017-11-30 00:00:00,427.43000000
106,2017-12-01 00:00:00,457.51000000
107,2017-12-02 00:00:00,457.63000000
108,2017-12-03 00:00:00,460.30000000
109,2017-12-04 00:00:00,466.67000000
110,2017-12-05 00:00:00,452.26000000
111,2017-12-06 00:00:00,411.01000000
112,2017-12-07 00:00:00,406.33000000
113,2017-12-08 00:00:00,442.56000000
114,2017-12-09 00:00:00,460.00000000
115,2017-12-10 00:00:00,427.35000000
116,2017-12-11 00:00:00,508.70000000
117,2017-12-12 00:00:00,620.00000000
118,2017-12-13 00:00:00,683.99000000
119,2017-12-14 00:00:00,679.76000000
120,2017-12-15 00:00:00,674.95000000
121,2017-12-16 00:00:00,682.81000000
122,2017-12-17 00:00:00,707.64000000
123,2017-12-18 00:00:00,784.00000000
124,2017-12-19 00:00:00,798.00000000
125,2017-12-20 00:00:00,790.21000000
126,2017-12-21 00:00:00,782.41000000
127,2017-12-22 00:00:00,635.97000000
128,2017-12-23 00:00:00,640.34000000
129,2017-12-24 00:00:00,658.00000000
130,2017-12-25 00:00:00,714.95000000
131,2017-12-26 00:00:00,750.00000000
132,2017-12-27 00:00:00,739.89000000
133,2017-12-28 00:00:00,707.89000000
134,2017-12-29 00:00:00,733.99000000
135,2017-12-30 00:00:00,681.06000000
136,2017-12-31 00:00:00,733.98000000
137,2018-01-01 00:00:00,754.99000000
138,2018-01-02 00:00:00,855.28000000
139,2018-01-03 00:00:00,934.03000000
140,2018-01-04 00:00:00,940.00000000
141,2018-01-05 00:00:00,959.30000000
142,2018-01-06 00:00:00,1004.11000000
143,2018-01-07 00:00:00,1123.09000000
144,2018-01-08 00:00:00,1133.18000000
145,2018-01-09 00:00:00,1291.00000000
146,2018-01-10 00:00:00,1247.00000000
147,2018-01-11 00:00:00,1138.93000000
148,2018-01-12 00:00:00,1253.87000000
149,2018-01-13 00:00:00,1388.02000000
150,2018-01-14 00:00:00,1347.00000000
151,2018-01-15 00:00:00,1271.00000000
152,2018-01-16 00:00:00,1000.00000000
153,2018-01-17 00:00:00,1000.00000000
154,2018-01-18 00:00:00,994.00000000
155,2018-01-19 00:00:00,1032.50000000
156,2018-01-20 00:00:00,1152.75000000
157,2018-01-21 00:00:00,1049.00000000
158,2018-01-22 00:00:00,993.00000000
159,2018-01-23 00:00:00,980.00000000
160,2018-01-24 00:00:00,1061.00000000
161,2018-01-25 00:00:00,1056.52000000
162,2018-01-26 00:00:00,1051.03000000
163,2018-01-27 00:00:00,1118.99000000
164,2018-01-28 00:00:00,1251.96000000
165,2018-01-29 00:00:00,1177.01000000
166,2018-01-30 00:00:00,1085.50000000
167,2018-01-31 00:00:00,1124.81000000
168,2018-02-01 00:00:00,1041.94000000
169,2018-02-02 00:00:00,922.30000000
170,2018-02-03 00:00:00,971.00000000
171,2018-02-04 00:00:00,823.56000000
172,2018-02-05 00:00:00,697.92000000
173,2018-02-06 00:00:00,779.25000000
174,2018-02-07 00:00:00,754.00000000
175,2018-02-08 00:00:00,781.66000000
176,2018-02-09 00:00:00,877.00000000
177,2018-02-10 00:00:00,851.15000000
178,2018-02-11 00:00:00,808.99000000
179,2018-02-12 00:00:00,866.66000000
180,2018-02-13 00:00:00,841.57000000
181,2018-02-14 00:00:00,919.09000000
182,2018-02-15 00:00:00,924.55000000
183,2018-02-16 00:00:00,938.67000000
184,2018-02-17 00:00:00,969.99000000
185,2018-02-18 00:00:00,911.00000000
186,2018-02-19 00:00:00,938.11000000
187,2018-02-20 00:00:00,882.99000000
188,2018-02-21 00:00:00,835.89000000
189,2018-02-22 00:00:00,801.49000000
190,2018-02-23 00:00:00,851.60000000
191,2018-02-24 00:00:00,833.94000000
192,2018-02-25 00:00:00,841.19000000
193,2018-02-26 00:00:00,867.98000000
194,2018-02-27 00:00:00,870.11000000
195,2018-02-28 00:00:00,853.50000000
196,2018-03-01 00:00:00,870.63000000
197,2018-03-02 00:00:00,856.28000000
198,2018-03-03 00:00:00,856.02000000
199,2018-03-04 00:00:00,866.66000000
200,2018-03-05 00:00:00,849.84000000
201,2018-03-06 00:00:00,813.11000000
202,2018-03-07 00:00:00,749.90000000
203,2018-03-08 00:00:00,695.46000000
204,2018-03-09 00:00:00,723.71000000
205,2018-03-10 00:00:00,680.58000000
206,2018-03-11 00:00:00,720.85000000
207,2018-03-12 00:00:00,697.11000000
208,2018-03-13 00:00:00,689.94000000
209,2018-03-14 00:00:00,610.10000000
210,2018-03-15 00:00:00,608.83000000
211,2018-03-16 00:00:00,599.05000000
212,2018-03-17 00:00:00,546.95000000
213,2018-03-18 00:00:00,537.00000000
214,2018-03-19 00:00:00,556.88000000
215,2018-03-20 00:00:00,557.00000000
216,2018-03-21 00:00:00,559.17000000
217,2018-03-22 00:00:00,539.92000000
218,2018-03-23 00:00:00,543.03000000
219,2018-03-24 00:00:00,520.22000000
220,2018-03-25 00:00:00,523.74000000
221,2018-03-26 00:00:00,485.00000000
222,2018-03-27 00:00:00,448.50000000
223,2018-03-28 00:00:00,446.67000000
224,2018-03-29 00:00:00,384.00000000
225,2018-03-30 00:00:00,392.43000000
226,2018-03-31 00:00:00,393.92000000
227,2018-04-01 00:00:00,378.58000000
228,2018-04-02 00:00:00,385.05000000
229,2018-04-03 00:00:00,415.01000000
230,2018-04-04 00:00:00,378.16000000
231,2018-04-05 00:00:00,381.22000000
232,2018-04-06 00:00:00,368.89000000
233,2018-04-07 00:00:00,384.51000000
234,2018-04-08 00:00:00,400.40000000
235,2018-04-09 00:00:00,399.44000000
236,2018-04-10 00:00:00,416.07000000
237,2018-04-11 00:00:00,429.52000000
238,2018-04-12 00:00:00,495.67000000
239,2018-04-13 00:00:00,495.11000000
240,2018-04-14 00:00:00,502.68000000
241,2018-04-15 00:00:00,533.88000000
242,2018-04-16 00:00:00,511.46000000
243,2018-04-17 00:00:00,502.56000000
244,2018-04-18 00:00:00,526.09000000
245,2018-04-19 00:00:00,568.14000000
246,2018-04-20 00:00:00,617.09000000
247,2018-04-21 00:00:00,604.87000000
248,2018-04-22 00:00:00,620.92000000
249,2018-04-23 00:00:00,645.09000000
250,2018-04-24 00:00:00,701.58000000
251,2018-04-25 00:00:00,618.00000000
252,2018-04-26 00:00:00,661.51000000
253,2018-04-27 00:00:00,643.46000000
254,2018-04-28 00:00:00,682.86000000
255,2018-04-29 00:00:00,690.85000000
256,2018-04-30 00:00:00,670.78000000
257,2018-05-01 00:00:00,672.00000000
258,2018-05-02 00:00:00,688.56000000
259,2018-05-03 00:00:00,779.00000000
260,2018-05-04 00:00:00,785.99000000
261,2018-05-05 00:00:00,819.50000000
262,2018-05-06 00:00:00,794.30000000
263,2018-05-07 00:00:00,752.49000000
264,2018-05-08 00:00:00,748.99000000
265,2018-05-09 00:00:00,751.75000000
266,2018-05-10 00:00:00,722.52000000
267,2018-05-11 00:00:00,676.96000000
268,2018-05-12 00:00:00,684.11000000
269,2018-05-13 00:00:00,729.08000000
270,2018-05-14 00:00:00,727.49000000
271,2018-05-15 00:00:00,704.91000000
272,2018-05-16 00:00:00,706.29000000
273,2018-05-17 00:00:00,667.62000000
274,2018-05-18 00:00:00,692.60000000
275,2018-05-19 00:00:00,697.00000000
276,2018-05-20 00:00:00,716.16000000
277,2018-05-21 00:00:00,696.70000000
278,2018-05-22 00:00:00,640.99000000
279,2018-05-23 00:00:00,577.19000000
280,2018-05-24 00:00:00,602.18000000
281,2018-05-25 00:00:00,585.55000000
282,2018-05-26 00:00:00,586.00000000
283,2018-05-27 00:00:00,570.40000000
284,2018-05-28 00:00:00,511.50000000
285,2018-05-29 00:00:00,567.36000000
286,2018-05-30 00:00:00,557.19000000
287,2018-05-31 00:00:00,577.81000000
288,2018-06-01 00:00:00,579.00000000
289,2018-06-02 00:00:00,590.85000000
290,2018-06-03 00:00:00,619.66000000
291,2018-06-04 00:00:00,591.02000000
292,2018-06-05 00:00:00,609.05000000
293,2018-06-06 00:00:00,607.40000000
294,2018-06-07 00:00:00,605.16000000
295,2018-06-08 00:00:00,598.68000000
296,2018-06-09 00:00:00,592.87000000
297,2018-06-10 00:00:00,524.11000000
298,2018-06-11 00:00:00,531.69000000
299,2018-06-12 00:00:00,493.00000000
300,2018-06-13 00:00:00,475.47000000
301,2018-06-14 00:00:00,519.29000000
302,2018-06-15 00:00:00,487.48000000
303,2018-06-16 00:00:00,496.74000000
304,2018-06-17 00:00:00,497.14000000
305,2018-06-18 00:00:00,517.95000000
306,2018-06-19 00:00:00,537.97000000
307,2018-06-20 00:00:00,536.49000000
308,2018-06-21 00:00:00,526.18000000
309,2018-06-22 00:00:00,462.09000000
310,2018-06-23 00:00:00,473.41000000
311,2018-06-24 00:00:00,454.41000000
312,2018-06-25 00:00:00,458.70000000
313,2018-06-26 00:00:00,429.34000000
314,2018-06-27 00:00:00,441.64000000
315,2018-06-28 00:00:00,420.22000000
316,2018-06-29 00:00:00,434.77000000
317,2018-06-30 00:00:00,454.09000000
318,2018-07-01 00:00:00,452.10000000
319,2018-07-02 00:00:00,476.25000000
320,2018-07-03 00:00:00,461.82000000
321,2018-07-04 00:00:00,467.38000000
322,2018-07-05 00:00:00,467.87000000
323,2018-07-06 00:00:00,470.47000000
324,2018-07-07 00:00:00,485.57000000
325,2018-07-08 00:00:00,486.77000000
326,2018-07-09 00:00:00,471.71000000
327,2018-07-10 00:00:00,432.48000000
328,2018-07-11 00:00:00,444.99000000
329,2018-07-12 00:00:00,431.14000000
330,2018-07-13 00:00:00,432.46000000
331,2018-07-14 00:00:00,433.19000000
332,2018-07-15 00:00:00,449.78000000
333,2018-07-16 00:00:00,478.49000000
334,2018-07-17 00:00:00,498.76000000
335,2018-07-18 00:00:00,479.41000000
336,2018-07-19 00:00:00,468.57000000
337,2018-07-20 00:00:00,449.04000000
338,2018-07-21 00:00:00,460.23000000
339,2018-07-22 00:00:00,457.47000000
340,2018-07-23 00:00:00,450.05000000
341,2018-07-24 00:00:00,479.28000000
342,2018-07-25 00:00:00,472.10000000
343,2018-07-26 00:00:00,462.64000000
344,2018-07-27 00:00:00,470.09000000
345,2018-07-28 00:00:00,469.29000000
346,2018-07-29 00:00:00,466.40000000
347,2018-07-30 00:00:00,456.23000000
348,2018-07-31 00:00:00,432.22000000
349,2018-08-01 00:00:00,420.41000000
350,2018-08-02 00:00:00,410.62000000
351,2018-08-03 00:00:00,417.52000000
352,2018-08-04 00:00:00,407.21000000
353,2018-08-05 00:00:00,408.79000000
354,2018-08-06 00:00:00,405.28000000
355,2018-08-07 00:00:00,378.21000000
356,2018-08-08 00:00:00,355.48000000
357,2018-08-09 00:00:00,363.30000000
358,2018-08-10 00:00:00,331.81000000
359,2018-08-11 00:00:00,317.69000000
360,2018-08-12 00:00:00,317.89000000
361,2018-08-13 00:00:00,283.81000000
362,2018-08-14 00:00:00,278.41000000
363,2018-08-15 00:00:00,281.12000000
364,2018-08-16 00:00:00,287.17000000
365,2018-08-17 00:00:00,317.51000000
366,2018-08-18 00:00:00,294.11000000
367,2018-08-19 00:00:00,299.42000000
368,2018-08-20 00:00:00,270.51000000
369,2018-08-21 00:00:00,281.21000000
370,2018-08-22 00:00:00,270.80000000
371,2018-08-23 00:00:00,275.99000000
372,2018-08-24 00:00:00,281.19000000
373,2018-08-25 00:00:00,277.55000000
374,2018-08-26 00:00:00,274.29000000
375,2018-08-27 00:00:00,287.71000000
376,2018-08-28 00:00:00,295.44000000
377,2018-08-29 00:00:00,288.40000000
378,2018-08-30 00:00:00,283.89000000
379,2018-08-31 00:00:00,281.41000000
380,2018-09-01 00:00:00,295.71000000
381,2018-09-02 00:00:00,295.41000000
382,2018-09-03 00:00:00,289.09000000
383,2018-09-04 00:00:00,285.30000000
384,2018-09-05 00:00:00,228.53000000
385,2018-09-06 00:00:00,229.70000000
386,2018-09-07 00:00:00,215.22000000
387,2018-09-08 00:00:00,196.71000000
388,2018-09-09 00:00:00,195.81000000
389,2018-09-10 00:00:00,197.15000000
390,2018-09-11 00:00:00,185.18000000
391,2018-09-12 00:00:00,183.12000000
392,2018-09-13 00:00:00,210.68000000
393,2018-09-14 00:00:00,208.82000000
394,2018-09-15 00:00:00,221.29000000
395,2018-09-16 00:00:00,220.17000000
396,2018-09-17 00:00:00,196.16000000
397,2018-09-18 00:00:00,208.17000000
398,2018-09-19 00:00:00,209.79000000
399,2018-09-20 00:00:00,224.00000000
400,2018-09-21 00:00:00,247.73000000
401,2018-09-22 00:00:00,241.01000000
402,2018-09-23 00:00:00,244.50000000
403,2018-09-24 00:00:00,228.06000000
404,2018-09-25 00:00:00,219.62000000
405,2018-09-26 00:00:00,214.42000000
406,2018-09-27 00:00:00,229.13000000
407,2018-09-28 00:00:00,221.84000000
408,2018-09-29 00:00:00,231.62000000
409,2018-09-30 00:00:00,232.94000000
410,2018-10-01 00:00:00,231.61000000
411,2018-10-02 00:00:00,225.69000000
412,2018-10-03 00:00:00,220.77000000
413,2018-10-04 00:00:00,222.66000000
414,2018-10-05 00:00:00,228.37000000
415,2018-10-06 00:00:00,225.40000000
416,2018-10-07 00:00:00,226.14000000
417,2018-10-08 00:00:00,230.01000000
418,2018-10-09 00:00:00,228.40000000
419,2018-10-10 00:00:00,226.74000000
420,2018-10-11 00:00:00,191.58000000
421,2018-10-12 00:00:00,196.96000000
422,2018-10-13 00:00:00,201.30000000
423,2018-10-14 00:00:00,197.01000000
424,2018-10-15 00:00:00,214.39000000
425,2018-10-16 00:00:00,215.09000000
426,2018-10-17 00:00:00,212.85000000
427,2018-10-18 00:00:00,206.24000000
428,2018-10-19 00:00:00,205.00000000
429,2018-10-20 00:00:00,207.91000000
430,2018-10-21 00:00:00,207.49000000
431,2018-10-22 00:00:00,206.67000000
432,2018-10-23 00:00:00,205.85000000
433,2018-10-24 00:00:00,205.35000000
434,2018-10-25 00:00:00,203.93000000
435,2018-10-26 00:00:00,204.92000000
436,2018-10-27 00:00:00,204.45000000
437,2018-10-28 00:00:00,204.99000000
438,2018-10-29 00:00:00,196.96000000
439,2018-10-30 00:00:00,197.27000000
440,2018-10-31 00:00:00,198.73000000
441,2018-11-01 00:00:00,199.96000000
442,2018-11-02 00:00:00,202.35000000
443,2018-11-03 00:00:00,200.31000000
444,2018-11-04 00:00:00,212.11000000
445,2018-11-05 00:00:00,210.66000000
446,2018-11-06 00:00:00,220.74000000
447,2018-11-07 00:00:00,219.07000000
448,2018-11-08 00:00:00,212.79000000
449,2018-11-09 00:00:00,210.77000000
450,2018-11-10 00:00:00,213.25000000
451,2018-11-11 00:00:00,212.54000000
452,2018-11-12 00:00:00,212.89000000
453,2018-11-13 00:00:00,209.84000000
454,2018-11-14 00:00:00,187.43000000
455,2018-11-15 00:00:00,184.35000000
456,2018-11-16 00:00:00,176.89000000
457,2018-11-17 00:00:00,176.20000000
458,2018-11-18 00:00:00,178.97000000
459,2018-11-19 00:00:00,150.81000000
460,2018-11-20 00:00:00,133.82000000
461,2018-11-21 00:00:00,138.23000000
462,2018-11-22 00:00:00,126.63000000
463,2018-11-23 00:00:00,125.02000000
464,2018-11-24 00:00:00,114.89000000
465,2018-11-25 00:00:00,118.67000000
466,2018-11-26 00:00:00,110.68000000
467,2018-11-27 00:00:00,111.43000000
468,2018-11-28 00:00:00,122.90000000
469,2018-11-29 00:00:00,117.98000000
470,2018-11-30 00:00:00,113.73000000
471,2018-12-01 00:00:00,118.10000000
472,2018-12-02 00:00:00,116.57000000
473,2018-12-03 00:00:00,108.76000000
474,2018-12-04 00:00:00,109.94000000
475,2018-12-05 00:00:00,102.71000000
476,2018-12-06 00:00:00,91.00000000
477,2018-12-07 00:00:00,93.05000000
478,2018-12-08 00:00:00,90.38000000
479,2018-12-09 00:00:00,93.26000000
480,2018-12-10 00:00:00,89.91000000
481,2018-12-11 00:00:00,87.76000000
482,2018-12-12 00:00:00,89.41000000
483,2018-12-13 00:00:00,86.34000000
484,2018-12-14 00:00:00,83.82000000
485,2018-12-15 00:00:00,83.76000000
486,2018-12-16 00:00:00,84.67000000
487,2018-12-17 00:00:00,94.02000000
488,2018-12-18 00:00:00,100.39000000
489,2018-12-19 00:00:00,98.74000000
490,2018-12-20 00:00:00,114.05000000
491,2018-12-21 00:00:00,107.69000000
492,2018-12-22 00:00:00,115.20000000
493,2018-12-23 00:00:00,129.03000000
494,2018-12-24 00:00:00,138.03000000
495,2018-12-25 00:00:00,127.60000000
496,2018-12-26 00:00:00,129.35000000
497,2018-12-27 00:00:00,113.80000000
498,2018-12-28 00:00:00,135.30000000
499,2018-12-29 00:00:00,132.89000000
500,2018-12-30 00:00:00,137.77000000
501,2018-12-31 00:00:00,131.45000000
502,2019-01-01 00:00:00,139.10000000
503,2019-01-02 00:00:00,152.01000000
504,2019-01-03 00:00:00,146.30000000
505,2019-01-04 00:00:00,151.97000000
506,2019-01-05 00:00:00,152.83000000
507,2019-01-06 00:00:00,153.86000000
508,2019-01-07 00:00:00,149.34000000
509,2019-01-08 00:00:00,147.60000000
510,2019-01-09 00:00:00,148.10000000
511,2019-01-10 00:00:00,124.95000000
512,2019-01-11 00:00:00,124.65000000
513,2019-01-12 00:00:00,123.35000000
514,2019-01-13 00:00:00,114.16000000
515,2019-01-14 00:00:00,126.95000000
516,2019-01-15 00:00:00,118.95000000
517,2019-01-16 00:00:00,121.48000000
518,2019-01-17 00:00:00,121.54000000
519,2019-01-18 00:00:00,119.17000000
520,2019-01-19 00:00:00,122.60000000
521,2019-01-20 00:00:00,117.47000000
522,2019-01-21 00:00:00,115.63000000
523,2019-01-22 00:00:00,117.81000000
524,2019-01-23 00:00:00,116.44000000
525,2019-01-24 00:00:00,116.39000000
526,2019-01-25 00:00:00,115.11000000
527,2019-01-26 00:00:00,115.34000000
528,2019-01-27 00:00:00,112.05000000
529,2019-01-28 00:00:00,105.50000000
530,2019-01-29 00:00:00,104.45000000
531,2019-01-30 00:00:00,108.29000000
532,2019-01-31 00:00:00,106.44000000
533,2019-02-01 00:00:00,106.73000000
534,2019-02-02 00:00:00,110.42000000
535,2019-02-03 00:00:00,107.36000000
536,2019-02-04 00:00:00,107.68000000
537,2019-02-05 00:00:00,107.27000000
538,2019-02-06 00:00:00,104.50000000
539,2019-02-07 00:00:00,104.48000000
540,2019-02-08 00:00:00,119.25000000
541,2019-02-09 00:00:00,119.19000000
542,2019-02-10 00:00:00,125.12000000
543,2019-02-11 00:00:00,120.89000000
544,2019-02-12 00:00:00,122.41000000
545,2019-02-13 00:00:00,121.86000000
546,2019-02-14 00:00:00,120.42000000
547,2019-02-15 00:00:00,121.67000000
548,2019-02-16 00:00:00,122.67000000
549,2019-02-17 00:00:00,133.75000000
550,2019-02-18 00:00:00,145.69000000
551,2019-02-19 00:00:00,143.44000000
552,2019-02-20 00:00:00,148.44000000
553,2019-02-21 00:00:00,145.69000000
554,2019-02-22 00:00:00,147.36000000
555,2019-02-23 00:00:00,157.79000000
556,2019-02-24 00:00:00,132.10000000
557,2019-02-25 00:00:00,137.87000000
558,2019-02-26 00:00:00,136.22000000
559,2019-02-27 00:00:00,135.02000000
560,2019-02-28 00:00:00,135.34000000
561,2019-03-01 00:00:00,135.32000000
562,2019-03-02 00:00:00,132.56000000
563,2019-03-03 00:00:00,130.60000000
564,2019-03-04 00:00:00,125.65000000
565,2019-03-05 00:00:00,136.72000000
566,2019-03-06 00:00:00,137.40000000
567,2019-03-07 00:00:00,136.81000000
568,2019-03-08 00:00:00,133.52000000
569,2019-03-09 00:00:00,137.27000000
570,2019-03-10 00:00:00,135.37000000
571,2019-03-11 00:00:00,132.67000000
572,2019-03-12 00:00:00,133.57000000
573,2019-03-13 00:00:00,131.65000000
574,2019-03-14 00:00:00,132.20000000
575,2019-03-15 00:00:00,136.56000000
576,2019-03-16 00:00:00,140.92000000
577,2019-03-17 00:00:00,138.67000000
578,2019-03-18 00:00:00,137.59000000
579,2019-03-19 00:00:00,138.55000000
580,2019-03-20 00:00:00,139.01000000
581,2019-03-21 00:00:00,134.85000000
582,2019-03-22 00:00:00,135.98000000
583,2019-03-23 00:00:00,137.28000000
584,2019-03-24 00:00:00,136.09000000
585,2019-03-25 00:00:00,133.98000000
586,2019-03-26 00:00:00,134.18000000
587,2019-03-27 00:00:00,139.45000000
588,2019-03-28 00:00:00,137.86000000
589,2019-03-29 00:00:00,143.25000000
590,2019-03-30 00:00:00,142.46000000
591,2019-03-31 00:00:00,141.38000000
592,2019-04-01 00:00:00,141.24000000
593,2019-04-02 00:00:00,163.31000000
594,2019-04-03 00:00:00,159.96000000
595,2019-04-04 00:00:00,157.36000000
596,2019-04-05 00:00:00,164.77000000
597,2019-04-06 00:00:00,165.50000000
598,2019-04-07 00:00:00,174.21000000
599,2019-04-08 00:00:00,178.72000000
600,2019-04-09 00:00:00,174.60000000
601,2019-04-10 00:00:00,177.12000000
602,2019-04-11 00:00:00,164.07000000
603,2019-04-12 00:00:00,163.19000000
604,2019-04-13 00:00:00,162.99000000
605,2019-04-14 00:00:00,167.23000000
606,2019-04-15 00:00:00,159.95000000
607,2019-04-16 00:00:00,165.37000000
608,2019-04-17 00:00:00,165.75000000
609,2019-04-18 00:00:00,173.33000000
610,2019-04-19 00:00:00,172.64000000
611,2019-04-20 00:00:00,172.88000000
612,2019-04-21 00:00:00,168.59000000
613,2019-04-22 00:00:00,170.52000000
614,2019-04-23 00:00:00,169.16000000
615,2019-04-24 00:00:00,164.78000000
616,2019-04-25 00:00:00,154.72000000
617,2019-04-26 00:00:00,157.95000000
618,2019-04-27 00:00:00,159.31000000
619,2019-04-28 00:00:00,157.85000000
620,2019-04-29 00:00:00,155.11000000
621,2019-04-30 00:00:00,161.83000000
622,2019-05-01 00:00:00,160.19000000
623,2019-05-02 00:00:00,161.81000000
624,2019-05-03 00:00:00,168.06000000
625,2019-05-04 00:00:00,163.70000000
626,2019-05-05 00:00:00,163.05000000
627,2019-05-06 00:00:00,173.00000000
628,2019-05-07 00:00:00,169.18000000
629,2019-05-08 00:00:00,170.85000000
630,2019-05-09 00:00:00,170.90000000
631,2019-05-10 00:00:00,172.91000000
632,2019-05-11 00:00:00,190.20000000
633,2019-05-12 00:00:00,188.11000000
634,2019-05-13 00:00:00,195.84000000
635,2019-05-14 00:00:00,216.40000000
636,2019-05-15 00:00:00,248.10000000
637,2019-05-16 00:00:00,264.25000000
638,2019-05-17 00:00:00,244.30000000
639,2019-05-18 00:00:00,233.60000000
640,2019-05-19 00:00:00,259.51000000
641,2019-05-20 00:00:00,250.37000000
642,2019-05-21 00:00:00,253.43000000
643,2019-05-22 00:00:00,243.64000000
644,2019-05-23 00:00:00,244.56000000
645,2019-05-24 00:00:00,248.87000000
646,2019-05-25 00:00:00,250.22000000
647,2019-05-26 00:00:00,264.45000000
648,2019-05-27 00:00:00,270.53000000
649,2019-05-28 00:00:00,271.03000000
650,2019-05-29 00:00:00,268.83000000
651,2019-05-30 00:00:00,254.56000000
652,2019-05-31 00:00:00,267.90000000
653,2019-06-01 00:00:00,264.33000000
654,2019-06-02 00:00:00,268.88000000
655,2019-06-03 00:00:00,249.91000000
656,2019-06-04 00:00:00,241.39000000
657,2019-06-05 00:00:00,245.63000000
658,2019-06-06 00:00:00,248.76000000
659,2019-06-07 00:00:00,248.77000000
660,2019-06-08 00:00:00,243.25000000
661,2019-06-09 00:00:00,230.98000000
662,2019-06-10 00:00:00,246.51000000
663,2019-06-11 00:00:00,244.29000000
664,2019-06-12 00:00:00,261.15000000
665,2019-06-13 00:00:00,254.67000000
666,2019-06-14 00:00:00,262.47000000
667,2019-06-15 00:00:00,267.82000000
668,2019-06-16 00:00:00,267.73000000
669,2019-06-17 00:00:00,273.16000000
670,2019-06-18 00:00:00,264.66000000
671,2019-06-19 00:00:00,268.14000000
672,2019-06-20 00:00:00,271.22000000
673,2019-06-21 00:00:00,294.35000000
674,2019-06-22 00:00:00,310.79000000
675,2019-06-23 00:00:00,308.52000000
676,2019-06-24 00:00:00,311.64000000
677,2019-06-25 00:00:00,318.26000000
678,2019-06-26 00:00:00,339.39000000
679,2019-06-27 00:00:00,298.35000000
680,2019-06-28 00:00:00,311.05000000
681,2019-06-29 00:00:00,317.62000000
682,2019-06-30 00:00:00,292.70000000
683,2019-07-01 00:00:00,295.07000000
684,2019-07-02 00:00:00,291.48000000
685,2019-07-03 00:00:00,301.14000000
686,2019-07-04 00:00:00,282.73000000
687,2019-07-05 00:00:00,287.47000000
688,2019-07-06 00:00:00,288.29000000
689,2019-07-07 00:00:00,304.72000000
690,2019-07-08 00:00:00,311.97000000
691,2019-07-09 00:00:00,307.46000000
692,2019-07-10 00:00:00,289.23000000
693,2019-07-11 00:00:00,268.63000000
694,2019-07-12 00:00:00,274.62000000
695,2019-07-13 00:00:00,268.79000000
696,2019-07-14 00:00:00,225.85000000
697,2019-07-15 00:00:00,228.20000000
698,2019-07-16 00:00:00,198.88000000
699,2019-07-17 00:00:00,210.81000000
700,2019-07-18 00:00:00,225.73000000
701,2019-07-19 00:00:00,220.73000000
702,2019-07-20 00:00:00,228.20000000
703,2019-07-21 00:00:00,225.38000000
704,2019-07-22 00:00:00,217.51000000
705,2019-07-23 00:00:00,212.48000000
706,2019-07-24 00:00:00,216.31000000
707,2019-07-25 00:00:00,219.14000000
708,2019-07-26 00:00:00,218.81000000
709,2019-07-27 00:00:00,207.30000000
710,2019-07-28 00:00:00,211.62000000
711,2019-07-29 00:00:00,210.89000000
712,2019-07-30 00:00:00,209.58000000
713,2019-07-31 00:00:00,218.42000000
714,2019-08-01 00:00:00,216.84000000
715,2019-08-02 00:00:00,217.61000000
716,2019-08-03 00:00:00,222.14000000
717,2019-08-04 00:00:00,221.79000000
718,2019-08-05 00:00:00,233.54000000
719,2019-08-06 00:00:00,226.28000000
720,2019-08-07 00:00:00,226.10000000
721,2019-08-08 00:00:00,221.39000000
722,2019-08-09 00:00:00,210.53000000
723,2019-08-10 00:00:00,206.48000000
724,2019-08-11 00:00:00,216.42000000
725,2019-08-12 00:00:00,211.41000000
726,2019-08-13 00:00:00,209.30000000
727,2019-08-14 00:00:00,187.10000000
728,2019-08-15 00:00:00,188.03000000
729,2019-08-16 00:00:00,184.88000000
730,2019-08-17 00:00:00,185.59000000
731,2019-08-18 00:00:00,194.33000000
732,2019-08-19 00:00:00,202.28000000
733,2019-08-20 00:00:00,196.60000000
734,2019-08-21 00:00:00,187.45000000
735,2019-08-22 00:00:00,190.35000000
736,2019-08-23 00:00:00,194.02000000
737,2019-08-24 00:00:00,190.60000000
738,2019-08-25 00:00:00,186.54000000
739,2019-08-26 00:00:00,188.67000000
740,2019-08-27 00:00:00,187.24000000
741,2019-08-28 00:00:00,173.03000000
742,2019-08-29 00:00:00,169.01000000
743,2019-08-30 00:00:00,168.50000000
744,2019-08-31 00:00:00,171.57000000
745,2019-09-01 00:00:00,170.74000000
746,2019-09-02 00:00:00,178.05000000
747,2019-09-03 00:00:00,178.75000000
748,2019-09-04 00:00:00,174.72000000
749,2019-09-05 00:00:00,173.75000000
750,2019-09-06 00:00:00,169.08000000
751,2019-09-07 00:00:00,177.62000000
752,2019-09-08 00:00:00,181.19000000
753,2019-09-09 00:00:00,180.54000000
754,2019-09-10 00:00:00,179.81000000
755,2019-09-11 00:00:00,178.28000000
756,2019-09-12 00:00:00,180.72000000
757,2019-09-13 00:00:00,180.95000000
758,2019-09-14 00:00:00,188.13000000
759,2019-09-15 00:00:00,189.03000000
760,2019-09-16 00:00:00,197.22000000
761,2019-09-17 00:00:00,207.84000000
762,2019-09-18 00:00:00,210.21000000
763,2019-09-19 00:00:00,220.24000000
764,2019-09-20 00:00:00,218.03000000
765,2019-09-21 00:00:00,215.05000000
766,2019-09-22 00:00:00,211.20000000
767,2019-09-23 00:00:00,201.29000000
768,2019-09-24 00:00:00,165.81000000
769,2019-09-25 00:00:00,169.96000000
770,2019-09-26 00:00:00,165.92000000
771,2019-09-27 00:00:00,173.79000000
772,2019-09-28 00:00:00,173.49000000
773,2019-09-29 00:00:00,169.24000000
774,2019-09-30 00:00:00,180.85000000
775,2019-10-01 00:00:00,175.66000000
776,2019-10-02 00:00:00,180.24000000
777,2019-10-03 00:00:00,174.69000000
778,2019-10-04 00:00:00,175.55000000
779,2019-10-05 00:00:00,176.25000000
780,2019-10-06 00:00:00,170.10000000
781,2019-10-07 00:00:00,179.85000000
782,2019-10-08 00:00:00,180.60000000
783,2019-10-09 00:00:00,192.62000000
784,2019-10-10 00:00:00,191.14000000
785,2019-10-11 00:00:00,180.72000000
786,2019-10-12 00:00:00,179.68000000
787,2019-10-13 00:00:00,180.99000000
788,2019-10-14 00:00:00,186.72000000
789,2019-10-15 00:00:00,180.49000000
790,2019-10-16 00:00:00,174.47000000
791,2019-10-17 00:00:00,177.16000000
792,2019-10-18 00:00:00,172.74000000
793,2019-10-19 00:00:00,171.79000000
794,2019-10-20 00:00:00,175.22000000
795,2019-10-21 00:00:00,173.98000000
796,2019-10-22 00:00:00,171.20000000
797,2019-10-23 00:00:00,162.35000000
798,2019-10-24 00:00:00,160.38000000
799,2019-10-25 00:00:00,181.50000000
800,2019-10-26 00:00:00,179.49000000
801,2019-10-27 00:00:00,183.75000000
802,2019-10-28 00:00:00,181.72000000
803,2019-10-29 00:00:00,190.46000000
804,2019-10-30 00:00:00,183.13000000
805,2019-10-31 00:00:00,182.18000000
806,2019-11-01 00:00:00,182.85000000
807,2019-11-02 00:00:00,182.91000000
808,2019-11-03 00:00:00,181.54000000
809,2019-11-04 00:00:00,185.71000000
810,2019-11-05 00:00:00,188.68000000
811,2019-11-06 00:00:00,191.16000000
812,2019-11-07 00:00:00,186.68000000
813,2019-11-08 00:00:00,183.74000000
814,2019-11-09 00:00:00,184.89000000
815,2019-11-10 00:00:00,188.96000000
816,2019-11-11 00:00:00,184.98000000
817,2019-11-12 00:00:00,187.09000000
818,2019-11-13 00:00:00,188.11000000
819,2019-11-14 00:00:00,184.92000000
820,2019-11-15 00:00:00,180.00000000
821,2019-11-16 00:00:00,182.37000000
822,2019-11-17 00:00:00,183.82000000
823,2019-11-18 00:00:00,178.20000000
824,2019-11-19 00:00:00,175.94000000
825,2019-11-20 00:00:00,174.72000000
826,2019-11-21 00:00:00,161.01000000
827,2019-11-22 00:00:00,149.56000000
828,2019-11-23 00:00:00,151.84000000
829,2019-11-24 00:00:00,139.96000000
830,2019-11-25 00:00:00,145.69000000
831,2019-11-26 00:00:00,147.47000000
832,2019-11-27 00:00:00,152.62000000
833,2019-11-28 00:00:00,150.72000000
834,2019-11-29 00:00:00,154.57000000
835,2019-11-30 00:00:00,151.37000000
836,2019-12-01 00:00:00,150.73000000
837,2019-12-02 00:00:00,148.65000000
838,2019-12-03 00:00:00,147.17000000
839,2019-12-04 00:00:00,145.38000000
840,2019-12-05 00:00:00,148.10000000
841,2019-12-06 00:00:00,148.45000000
842,2019-12-07 00:00:00,147.14000000
843,2019-12-08 00:00:00,150.44000000
844,2019-12-09 00:00:00,147.38000000
845,2019-12-10 00:00:00,145.56000000
846,2019-12-11 00:00:00,143.39000000
847,2019-12-12 00:00:00,144.87000000
848,2019-12-13 00:00:00,144.80000000
849,2019-12-14 00:00:00,141.79000000
850,2019-12-15 00:00:00,142.46000000
851,2019-12-16 00:00:00,132.73000000
852,2019-12-17 00:00:00,121.88000000
853,2019-12-18 00:00:00,132.78000000
854,2019-12-19 00:00:00,128.10000000
855,2019-12-20 00:00:00,128.19000000
856,2019-12-21 00:00:00,126.99000000
857,2019-12-22 00:00:00,132.09000000
858,2019-12-23 00:00:00,127.80000000
859,2019-12-24 00:00:00,127.75000000
860,2019-12-25 00:00:00,125.09000000
861,2019-12-26 00:00:00,125.58000000
862,2019-12-27 00:00:00,126.29000000
863,2019-12-28 00:00:00,128.11000000
864,2019-12-29 00:00:00,134.36000000
865,2019-12-30 00:00:00,131.59000000
866,2019-12-31 00:00:00,129.16000000
867,2020-01-01 00:00:00,130.77000000
868,2020-01-02 00:00:00,127.19000000
869,2020-01-03 00:00:00,134.35000000
870,2020-01-04 00:00:00,134.20000000
871,2020-01-05 00:00:00,135.37000000
872,2020-01-06 00:00:00,144.15000000
873,2020-01-07 00:00:00,142.80000000
874,2020-01-08 00:00:00,140.72000000
875,2020-01-09 00:00:00,137.74000000
876,2020-01-10 00:00:00,144.84000000
877,2020-01-11 00:00:00,142.38000000
878,2020-01-12 00:00:00,146.54000000
879,2020-01-13 00:00:00,143.58000000
880,2020-01-14 00:00:00,165.64000000
881,2020-01-15 00:00:00,166.40000000
882,2020-01-16 00:00:00,164.21000000
883,2020-01-17 00:00:00,169.85000000
884,2020-01-18 00:00:00,174.14000000
885,2020-01-19 00:00:00,166.79000000
886,2020-01-20 00:00:00,166.87000000
887,2020-01-21 00:00:00,169.49000000
888,2020-01-22 00:00:00,168.07000000
889,2020-01-23 00:00:00,162.81000000
890,2020-01-24 00:00:00,162.54000000
891,2020-01-25 00:00:00,160.35000000
892,2020-01-26 00:00:00,167.86000000
893,2020-01-27 00:00:00,170.08000000
894,2020-01-28 00:00:00,175.64000000
895,2020-01-29 00:00:00,173.72000000
896,2020-01-30 00:00:00,184.69000000
897,2020-01-31 00:00:00,179.99000000
898,2020-02-01 00:00:00,183.60000000
899,2020-02-02 00:00:00,188.44000000
900,2020-02-03 00:00:00,189.69000000
901,2020-02-04 00:00:00,188.91000000
902,2020-02-05 00:00:00,203.78000000
903,2020-02-06 00:00:00,213.19000000
904,2020-02-07 00:00:00,223.33000000
905,2020-02-08 00:00:00,223.05000000
906,2020-02-09 00:00:00,228.49000000
907,2020-02-10 00:00:00,222.89000000
908,2020-02-11 00:00:00,236.69000000
909,2020-02-12 00:00:00,265.74000000
910,2020-02-13 00:00:00,268.32000000
911,2020-02-14 00:00:00,285.15000000
912,2020-02-15 00:00:00,264.88000000
913,2020-02-16 00:00:00,258.85000000
914,2020-02-17 00:00:00,267.85000000
915,2020-02-18 00:00:00,282.61000000
916,2020-02-19 00:00:00,258.45000000
917,2020-02-20 00:00:00,256.96000000
918,2020-02-21 00:00:00,265.27000000
919,2020-02-22 00:00:00,261.57000000
920,2020-02-23 00:00:00,274.48000000
921,2020-02-24 00:00:00,265.52000000
922,2020-02-25 00:00:00,246.67000000
923,2020-02-26 00:00:00,223.93000000
924,2020-02-27 00:00:00,227.79000000
925,2020-02-28 00:00:00,226.76000000
926,2020-02-29 00:00:00,217.21000000
927,2020-03-01 00:00:00,217.81000000
928,2020-03-02 00:00:00,231.97000000
929,2020-03-03 00:00:00,223.91000000
930,2020-03-04 00:00:00,224.26000000
931,2020-03-05 00:00:00,228.38000000
932,2020-03-06 00:00:00,244.88000000
933,2020-03-07 00:00:00,237.23000000
934,2020-03-08 00:00:00,199.43000000
935,2020-03-09 00:00:00,202.81000000
936,2020-03-10 00:00:00,200.70000000
937,2020-03-11 00:00:00,194.61000000
938,2020-03-12 00:00:00,107.82000000
939,2020-03-13 00:00:00,134.06000000
940,2020-03-14 00:00:00,122.54000000
941,2020-03-15 00:00:00,123.78000000
942,2020-03-16 00:00:00,111.02000000
943,2020-03-17 00:00:00,115.67000000
944,2020-03-18 00:00:00,118.11000000
945,2020-03-19 00:00:00,136.30000000
946,2020-03-20 00:00:00,133.48000000
947,2020-03-21 00:00:00,132.66000000
948,2020-03-22 00:00:00,122.32000000
949,2020-03-23 00:00:00,135.92000000
950,2020-03-24 00:00:00,138.42000000
951,2020-03-25 00:00:00,136.10000000
952,2020-03-26 00:00:00,138.40000000
953,2020-03-27 00:00:00,131.33000000
954,2020-03-28 00:00:00,130.98000000
955,2020-03-29 00:00:00,124.50000000
956,2020-03-30 00:00:00,132.06000000
957,2020-03-31 00:00:00,132.72000000
958,2020-04-01 00:00:00,135.69000000
959,2020-04-02 00:00:00,141.28000000
960,2020-04-03 00:00:00,141.31000000
961,2020-04-04 00:00:00,144.10000000
962,2020-04-05 00:00:00,142.68000000
963,2020-04-06 00:00:00,171.32000000
964,2020-04-07 00:00:00,164.63000000
965,2020-04-08 00:00:00,173.11000000
966,2020-04-09 00:00:00,169.52000000
967,2020-04-10 00:00:00,157.81000000
968,2020-04-11 00:00:00,158.33000000
969,2020-04-12 00:00:00,158.59000000
970,2020-04-13 00:00:00,156.29000000
971,2020-04-14 00:00:00,158.45000000
972,2020-04-15 00:00:00,152.73000000
973,2020-04-16 00:00:00,172.29000000
974,2020-04-17 00:00:00,170.69000000
975,2020-04-18 00:00:00,187.40000000
976,2020-04-19 00:00:00,180.03000000
977,2020-04-20 00:00:00,170.20000000
978,2020-04-21 00:00:00,170.74000000
979,2020-04-22 00:00:00,182.70000000
980,2020-04-23 00:00:00,185.51000000
981,2020-04-24 00:00:00,187.59000000
982,2020-04-25 00:00:00,194.21000000
983,2020-04-26 00:00:00,197.38000000
984,2020-04-27 00:00:00,196.34000000
985,2020-04-28 00:00:00,196.24000000
986,2020-04-29 00:00:00,215.36000000
987,2020-04-30 00:00:00,206.08000000
988,2020-05-01 00:00:00,212.02000000
989,2020-05-02 00:00:00,213.90000000
990,2020-05-03 00:00:00,209.86000000
991,2020-05-04 00:00:00,206.48000000
992,2020-05-05 00:00:00,205.29000000
993,2020-05-06 00:00:00,198.97000000
994,2020-05-07 00:00:00,212.00000000
995,2020-05-08 00:00:00,211.31000000
996,2020-05-09 00:00:00,210.07000000
997,2020-05-10 00:00:00,187.54000000
998,2020-05-11 00:00:00,185.73000000
999,2020-05-12 00:00:00,189.76000000
1000,2020-05-13 00:00:00,199.58000000
1001,2020-05-14 00:00:00,203.29000000
1002,2020-05-15 00:00:00,194.86000000
1003,2020-05-16 00:00:00,200.45000000
1004,2020-05-17 00:00:00,207.00000000
1005,2020-05-18 00:00:00,214.91000000
1006,2020-05-19 00:00:00,214.58000000
1007,2020-05-20 00:00:00,209.98000000
1008,2020-05-21 00:00:00,198.74000000
1009,2020-05-22 00:00:00,207.36000000
1010,2020-05-23 00:00:00,206.60000000
1011,2020-05-24 00:00:00,199.90000000
1012,2020-05-25 00:00:00,204.15000000
1013,2020-05-26 00:00:00,200.89000000
1014,2020-05-27 00:00:00,208.29000000
1015,2020-05-28 00:00:00,220.21000000
1016,2020-05-29 00:00:00,220.67000000
1017,2020-05-30 00:00:00,243.66000000
1018,2020-05-31 00:00:00,231.57000000
1019,2020-06-01 00:00:00,248.23000000
1020,2020-06-02 00:00:00,237.71000000
1021,2020-06-03 00:00:00,244.52000000
1022,2020-06-04 00:00:00,243.21000000
1023,2020-06-05 00:00:00,240.03000000
1024,2020-06-06 00:00:00,241.94000000
1025,2020-06-07 00:00:00,244.56000000
1026,2020-06-08 00:00:00,246.40000000
1027,2020-06-09 00:00:00,243.80000000
1028,2020-06-10 00:00:00,247.78000000
1029,2020-06-11 00:00:00,230.51000000
1030,2020-06-12 00:00:00,237.55000000
1031,2020-06-13 00:00:00,238.11000000
1032,2020-06-14 00:00:00,231.77000000
1033,2020-06-15 00:00:00,230.86000000
1034,2020-06-16 00:00:00,235.30000000
1035,2020-06-17 00:00:00,233.82000000
1036,2020-06-18 00:00:00,231.27000000
1037,2020-06-19 00:00:00,229.00000000
1038,2020-06-20 00:00:00,228.89000000
1039,2020-06-21 00:00:00,228.04000000
1040,2020-06-22 00:00:00,243.13000000
1041,2020-06-23 00:00:00,243.14000000
1042,2020-06-24 00:00:00,234.58000000
1043,2020-06-25 00:00:00,232.50000000
1044,2020-06-26 00:00:00,229.64000000
1045,2020-06-27 00:00:00,220.94000000
1046,2020-06-28 00:00:00,224.93000000
1047,2020-06-29 00:00:00,227.93000000
1048,2020-06-30 00:00:00,225.60000000
1049,2020-07-01 00:00:00,230.99000000
1050,2020-07-02 00:00:00,226.46000000
1051,2020-07-03 00:00:00,224.87000000
1052,2020-07-04 00:00:00,229.17000000
1053,2020-07-05 00:00:00,227.56000000
1054,2020-07-06 00:00:00,241.60000000
1055,2020-07-07 00:00:00,239.39000000
1056,2020-07-08 00:00:00,246.95000000
1057,2020-07-09 00:00:00,241.98000000
1058,2020-07-10 00:00:00,241.26000000
1059,2020-07-11 00:00:00,239.19000000
1060,2020-07-12 00:00:00,242.79000000
1061,2020-07-13 00:00:00,239.50000000
1062,2020-07-14 00:00:00,240.44000000
1063,2020-07-15 00:00:00,238.61000000
1064,2020-07-16 00:00:00,233.57000000
1065,2020-07-17 00:00:00,232.67000000
1066,2020-07-18 00:00:00,235.67000000
1067,2020-07-19 00:00:00,239.11000000
1068,2020-07-20 00:00:00,236.01000000
1069,2020-07-21 00:00:00,245.59000000
1070,2020-07-22 00:00:00,263.74000000
1071,2020-07-23 00:00:00,275.30000000
1072,2020-07-24 00:00:00,279.15000000
1073,2020-07-25 00:00:00,305.26000000
1074,2020-07-26 00:00:00,311.00000000
1075,2020-07-27 00:00:00,321.93000000
1076,2020-07-28 00:00:00,316.77000000
1077,2020-07-29 00:00:00,317.71000000
1078,2020-07-30 00:00:00,334.87000000
1079,2020-07-31 00:00:00,346.33000000
1080,2020-08-01 00:00:00,387.00000000
1081,2020-08-02 00:00:00,372.42000000
1082,2020-08-03 00:00:00,385.94000000
1083,2020-08-04 00:00:00,389.61000000
1084,2020-08-05 00:00:00,400.72000000
1085,2020-08-06 00:00:00,394.77000000
1086,2020-08-07 00:00:00,379.34000000
1087,2020-08-08 00:00:00,397.03000000
1088,2020-08-09 00:00:00,390.14000000
1089,2020-08-10 00:00:00,395.44000000
1090,2020-08-11 00:00:00,379.00000000
1091,2020-08-12 00:00:00,387.18000000
1092,2020-08-13 00:00:00,424.54000000
1093,2020-08-14 00:00:00,438.11000000
1094,2020-08-15 00:00:00,432.32000000
1095,2020-08-16 00:00:00,433.62000000
1096,2020-08-17 00:00:00,430.89000000
1097,2020-08-18 00:00:00,421.95000000
1098,2020-08-19 00:00:00,407.46000000
1099,2020-08-20 00:00:00,415.94000000
1100,2020-08-21 00:00:00,387.97000000
1101,2020-08-22 00:00:00,395.24000000
1102,2020-08-23 00:00:00,390.71000000
1103,2020-08-24 00:00:00,407.68000000
1104,2020-08-25 00:00:00,382.93000000
1105,2020-08-26 00:00:00,385.81000000
1106,2020-08-27 00:00:00,383.27000000
1107,2020-08-28 00:00:00,395.11000000
1108,2020-08-29 00:00:00,398.65000000
1109,2020-08-30 00:00:00,428.94000000
1110,2020-08-31 00:00:00,433.79000000
1111,2020-09-01 00:00:00,475.40000000
1112,2020-09-02 00:00:00,439.50000000
1113,2020-09-03 00:00:00,381.40000000
1114,2020-09-04 00:00:00,385.26000000
1115,2020-09-05 00:00:00,335.01000000
1116,2020-09-06 00:00:00,352.80000000
1117,2020-09-07 00:00:00,353.59000000
1118,2020-09-08 00:00:00,337.39000000
1119,2020-09-09 00:00:00,350.85000000
1120,2020-09-10 00:00:00,367.93000000
1121,2020-09-11 00:00:00,373.63000000
1122,2020-09-12 00:00:00,387.78000000
1123,2020-09-13 00:00:00,366.42000000
1124,2020-09-14 00:00:00,377.12000000
1125,2020-09-15 00:00:00,364.06000000
1126,2020-09-16 00:00:00,365.11000000
1127,2020-09-17 00:00:00,389.36000000
1128,2020-09-18 00:00:00,384.39000000
1129,2020-09-19 00:00:00,385.25000000
1130,2020-09-20 00:00:00,371.04000000
1131,2020-09-21 00:00:00,340.36000000
1132,2020-09-22 00:00:00,344.21000000
1133,2020-09-23 00:00:00,320.72000000
1134,2020-09-24 00:00:00,348.97000000
1135,2020-09-25 00:00:00,351.92000000
1136,2020-09-26 00:00:00,353.92000000
1137,2020-09-27 00:00:00,357.49000000
1138,2020-09-28 00:00:00,353.96000000
1139,2020-09-29 00:00:00,359.79000000
1140,2020-09-30 00:00:00,359.83000000
1141,2020-10-01 00:00:00,352.85000000
1142,2020-10-02 00:00:00,345.60000000
1143,2020-10-03 00:00:00,345.95000000
1144,2020-10-04 00:00:00,352.37000000
1145,2020-10-05 00:00:00,353.62000000
1146,2020-10-06 00:00:00,340.75000000
1147,2020-10-07 00:00:00,341.58000000
1148,2020-10-08 00:00:00,350.95000000
1149,2020-10-09 00:00:00,365.02000000
1150,2020-10-10 00:00:00,370.52000000
1151,2020-10-11 00:00:00,374.16000000
1152,2020-10-12 00:00:00,386.51000000
1153,2020-10-13 00:00:00,381.04000000
1154,2020-10-14 00:00:00,378.69000000
1155,2020-10-15 00:00:00,377.64000000
1156,2020-10-16 00:00:00,365.50000000
1157,2020-10-17 00:00:00,368.32000000
1158,2020-10-18 00:00:00,378.11000000
1159,2020-10-19 00:00:00,379.30000000
1160,2020-10-20 00:00:00,368.52000000
1161,2020-10-21 00:00:00,390.38000000
1162,2020-10-22 00:00:00,413.98000000
1163,2020-10-23 00:00:00,409.11000000
1164,2020-10-24 00:00:00,412.14000000
1165,2020-10-25 00:00:00,405.86000000
1166,2020-10-26 00:00:00,392.52000000
1167,2020-10-27 00:00:00,403.45000000
1168,2020-10-28 00:00:00,388.23000000
1169,2020-10-29 00:00:00,387.13000000
1170,2020-10-30 00:00:00,382.49000000
1171,2020-10-31 00:00:00,386.46000000
1172,2020-11-01 00:00:00,396.67000000
1173,2020-11-02 00:00:00,383.02000000
1174,2020-11-03 00:00:00,387.88000000
1175,2020-11-04 00:00:00,402.49000000
1176,2020-11-05 00:00:00,416.69000000
1177,2020-11-06 00:00:00,455.91000000
1178,2020-11-07 00:00:00,435.21000000
1179,2020-11-08 00:00:00,454.30000000
1180,2020-11-09 00:00:00,444.32000000
1181,2020-11-10 00:00:00,450.34000000
1182,2020-11-11 00:00:00,463.09000000
1183,2020-11-12 00:00:00,462.39000000
1184,2020-11-13 00:00:00,476.43000000
1185,2020-11-14 00:00:00,460.89000000
1186,2020-11-15 00:00:00,448.08000000
1187,2020-11-16 00:00:00,460.55000000
1188,2020-11-17 00:00:00,482.15000000
1189,2020-11-18 00:00:00,478.41000000
1190,2020-11-19 00:00:00,471.25000000
1191,2020-11-20 00:00:00,510.12000000
1192,2020-11-21 00:00:00,552.35000000
1193,2020-11-22 00:00:00,560.03000000
1194,2020-11-23 00:00:00,608.58000000
1195,2020-11-24 00:00:00,604.97000000
1196,2020-11-25 00:00:00,569.50000000
1197,2020-11-26 00:00:00,519.83000000
1198,2020-11-27 00:00:00,518.68000000
1199,2020-11-28 00:00:00,537.52000000
1200,2020-11-29 00:00:00,576.30000000
1201,2020-11-30 00:00:00,616.66000000
1202,2020-12-01 00:00:00,585.26000000
1203,2020-12-02 00:00:00,596.89000000
1204,2020-12-03 00:00:00,615.85000000
1205,2020-12-04 00:00:00,567.24000000
1206,2020-12-05 00:00:00,596.80000000
1207,2020-12-06 00:00:00,601.54000000
1208,2020-12-07 00:00:00,591.28000000
1209,2020-12-08 00:00:00,554.94000000
1210,2020-12-09 00:00:00,573.09000000
1211,2020-12-10 00:00:00,558.99000000
1212,2020-12-11 00:00:00,544.43000000
1213,2020-12-12 00:00:00,568.04000000
1214,2020-12-13 00:00:00,590.70000000
1215,2020-12-14 00:00:00,586.29000000
1216,2020-12-15 00:00:00,588.64000000
1217,2020-12-16 00:00:00,637.18000000
1218,2020-12-17 00:00:00,642.70000000
1219,2020-12-18 00:00:00,653.85000000
1220,2020-12-19 00:00:00,658.03000000
1221,2020-12-20 00:00:00,638.18000000
1222,2020-12-21 00:00:00,607.58000000
1223,2020-12-22 00:00:00,636.45000000
1224,2020-12-23 00:00:00,585.56000000
1225,2020-12-24 00:00:00,612.31000000
1226,2020-12-25 00:00:00,626.82000000
1227,2020-12-26 00:00:00,637.44000000
1228,2020-12-27 00:00:00,685.11000000
1229,2020-12-28 00:00:00,730.41000000
1230,2020-12-29 00:00:00,732.00000000
1231,2020-12-30 00:00:00,752.17000000
1232,2020-12-31 00:00:00,736.42000000
1233,2021-01-01 00:00:00,728.91000000
1234,2021-01-02 00:00:00,774.56000000
1235,2021-01-03 00:00:00,978.28000000
1236,2021-01-04 00:00:00,1041.43000000
1237,2021-01-05 00:00:00,1099.56000000
1238,2021-01-06 00:00:00,1208.42000000
1239,2021-01-07 00:00:00,1224.87000000
1240,2021-01-08 00:00:00,1216.93000000
1241,2021-01-09 00:00:00,1276.00000000
1242,2021-01-10 00:00:00,1254.25000000
1243,2021-01-11 00:00:00,1087.01000000
1244,2021-01-12 00:00:00,1050.16000000
1245,2021-01-13 00:00:00,1129.89000000
1246,2021-01-14 00:00:00,1231.62000000
1247,2021-01-15 00:00:00,1168.53000000
1248,2021-01-16 00:00:00,1227.83000000
1249,2021-01-17 00:00:00,1232.45000000
1250,2021-01-18 00:00:00,1258.45000000
1251,2021-01-19 00:00:00,1365.36000000
1252,2021-01-20 00:00:00,1376.99000000
1253,2021-01-21 00:00:00,1110.96000000
1254,2021-01-22 00:00:00,1232.62000000
1255,2021-01-23 00:00:00,1233.60000000
1256,2021-01-24 00:00:00,1392.51000000
1257,2021-01-25 00:00:00,1317.88000000
1258,2021-01-26 00:00:00,1365.97000000
1259,2021-01-27 00:00:00,1239.03000000
1260,2021-01-28 00:00:00,1329.69000000
1261,2021-01-29 00:00:00,1379.50000000
1262,2021-01-30 00:00:00,1378.05000000
1263,2021-01-31 00:00:00,1312.55000000
1264,2021-02-01 00:00:00,1374.17000000
1265,2021-02-02 00:00:00,1511.87000000
1266,2021-02-03 00:00:00,1664.49000000
1267,2021-02-04 00:00:00,1595.67000000
1268,2021-02-05 00:00:00,1719.19000000
1269,2021-02-06 00:00:00,1676.35000000
1270,2021-02-07 00:00:00,1611.62000000
1271,2021-02-08 00:00:00,1750.15000000
1272,2021-02-09 00:00:00,1769.13000000
1273,2021-02-10 00:00:00,1740.78000000
1274,2021-02-11 00:00:00,1785.62000000
1275,2021-02-12 00:00:00,1840.26000000
1276,2021-02-13 00:00:00,1814.96000000
1277,2021-02-14 00:00:00,1800.42000000
1278,2021-02-15 00:00:00,1779.25000000
1279,2021-02-16 00:00:00,1781.99000000
1280,2021-02-17 00:00:00,1849.88000000
1281,2021-02-18 00:00:00,1939.61000000
1282,2021-02-19 00:00:00,1955.00000000
1283,2021-02-20 00:00:00,1913.00000000
1284,2021-02-21 00:00:00,1933.53000000
1285,2021-02-22 00:00:00,1777.58000000
1286,2021-02-23 00:00:00,1577.89000000
1287,2021-02-24 00:00:00,1623.39000000
1288,2021-02-25 00:00:00,1481.75000000
1289,2021-02-26 00:00:00,1444.59000000
1290,2021-02-27 00:00:00,1458.13000000
1291,2021-02-28 00:00:00,1419.18000000
1292,2021-03-01 00:00:00,1569.86000000
1293,2021-03-02 00:00:00,1486.78000000
1294,2021-03-03 00:00:00,1567.69000000
1295,2021-03-04 00:00:00,1539.23000000
1296,2021-03-05 00:00:00,1528.31000000
1297,2021-03-06 00:00:00,1650.35000000
1298,2021-03-07 00:00:00,1726.16000000
1299,2021-03-08 00:00:00,1833.18000000
1300,2021-03-09 00:00:00,1870.51000000
1301,2021-03-10 00:00:00,1795.12000000
1302,2021-03-11 00:00:00,1825.78000000
1303,2021-03-12 00:00:00,1766.10000000
1304,2021-03-13 00:00:00,1922.35000000
1305,2021-03-14 00:00:00,1848.10000000
1306,2021-03-15 00:00:00,1793.48000000
1307,2021-03-16 00:00:00,1805.12000000
1308,2021-03-17 00:00:00,1823.58000000
1309,2021-03-18 00:00:00,1776.08000000
1310,2021-03-19 00:00:00,1809.10000000
1311,2021-03-20 00:00:00,1806.10000000
1312,2021-03-21 00:00:00,1782.98000000
1313,2021-03-22 00:00:00,1680.97000000
1314,2021-03-23 00:00:00,1668.08000000
1315,2021-03-24 00:00:00,1581.84000000
1316,2021-03-25 00:00:00,1585.74000000
1317,2021-03-26 00:00:00,1698.84000000
1318,2021-03-27 00:00:00,1712.63000000
1319,2021-03-28 00:00:00,1687.01000000
1320,2021-03-29 00:00:00,1816.74000000
1321,2021-03-30 00:00:00,1840.46000000
1322,2021-03-31 00:00:00,1919.37000000
1323,2021-04-01 00:00:00,1968.05000000
1324,2021-04-02 00:00:00,2133.69000000
1325,2021-04-03 00:00:00,2008.52000000
1326,2021-04-04 00:00:00,2075.69000000
1327,2021-04-05 00:00:00,2107.38000000
1328,2021-04-06 00:00:00,2112.21000000
1329,2021-04-07 00:00:00,1963.47000000
1330,2021-04-08 00:00:00,2080.46000000
1331,2021-04-09 00:00:00,2066.87000000
1332,2021-04-10 00:00:00,2133.49000000
1333,2021-04-11 00:00:00,2151.36000000
1334,2021-04-12 00:00:00,2137.69000000
1335,2021-04-13 00:00:00,2299.19000000
1336,2021-04-14 00:00:00,2432.60000000
1337,2021-04-15 00:00:00,2514.04000000
1338,2021-04-16 00:00:00,2422.67000000
1339,2021-04-17 00:00:00,2317.60000000
1340,2021-04-18 00:00:00,2235.64000000
1341,2021-04-19 00:00:00,2161.12000000
1342,2021-04-20 00:00:00,2330.03000000
1343,2021-04-21 00:00:00,2357.06000000
1344,2021-04-22 00:00:00,2397.94000000
1345,2021-04-23 00:00:00,2367.39000000
1346,2021-04-24 00:00:00,2213.35000000
1347,2021-04-25 00:00:00,2320.49000000
1348,2021-04-26 00:00:00,2532.60000000
1349,2021-04-27 00:00:00,2666.13000000
1350,2021-04-28 00:00:00,2748.24000000
1351,2021-04-29 00:00:00,2757.04000000
1352,2021-04-30 00:00:00,2772.42000000
1353,2021-05-01 00:00:00,2944.77000000
1354,2021-05-02 00:00:00,2949.56000000
1355,2021-05-03 00:00:00,3431.04000000
1356,2021-05-04 00:00:00,3239.01000000
1357,2021-05-05 00:00:00,3524.26000000
1358,2021-05-06 00:00:00,3489.73000000
1359,2021-05-07 00:00:00,3479.53000000
1360,2021-05-08 00:00:00,3910.26000000
1361,2021-05-09 00:00:00,3923.95000000
1362,2021-05-10 00:00:00,3945.88000000
1363,2021-05-11 00:00:00,4173.45000000
1364,2021-05-12 00:00:00,3823.21000000
1365,2021-05-13 00:00:00,3717.91000000
1366,2021-05-14 00:00:00,4075.01000000
1367,2021-05-15 00:00:00,3646.68000000
1368,2021-05-16 00:00:00,3582.10000000
1369,2021-05-17 00:00:00,3282.51000000
1370,2021-05-18 00:00:00,3375.07000000
1371,2021-05-19 00:00:00,2438.92000000
1372,2021-05-20 00:00:00,2768.62000000
1373,2021-05-21 00:00:00,2430.98000000
1374,2021-05-22 00:00:00,2294.87000000
1375,2021-05-23 00:00:00,2096.39000000
1376,2021-05-24 00:00:00,2648.43000000
1377,2021-05-25 00:00:00,2705.11000000
1378,2021-05-26 00:00:00,2884.94000000
1379,2021-05-27 00:00:00,2742.23000000
1380,2021-05-28 00:00:00,2412.10000000
1381,2021-05-29 00:00:00,2278.74000000
1382,2021-05-30 00:00:00,2385.98000000
1383,2021-05-31 00:00:00,2706.15000000
1384,2021-06-01 00:00:00,2634.57000000
1385,2021-06-02 00:00:00,2706.22000000
1386,2021-06-03 00:00:00,2857.25000000
1387,2021-06-04 00:00:00,2689.51000000
1388,2021-06-05 00:00:00,2627.73000000
1389,2021-06-06 00:00:00,2711.92000000
1390,2021-06-07 00:00:00,2592.05000000
1391,2021-06-08 00:00:00,2507.23000000
1392,2021-06-09 00:00:00,2610.18000000
1393,2021-06-10 00:00:00,2471.09000000
1394,2021-06-11 00:00:00,2354.01000000
1395,2021-06-12 00:00:00,2370.74000000
1396,2021-06-13 00:00:00,2509.33000000
1397,2021-06-14 00:00:00,2580.77000000
1398,2021-06-15 00:00:00,2543.54000000
1399,2021-06-16 00:00:00,2367.89000000
1400,2021-06-17 00:00:00,2373.28000000
1401,2021-06-18 00:00:00,2234.09000000
1402,2021-06-19 00:00:00,2164.67000000
1403,2021-06-20 00:00:00,2243.47000000
1404,2021-06-21 00:00:00,1885.49000000
1405,2021-06-22 00:00:00,1879.28000000
1406,2021-06-23 00:00:00,1968.14000000
1407,2021-06-24 00:00:00,1989.52000000
1408,2021-06-25 00:00:00,1808.82000000
1409,2021-06-26 00:00:00,1829.64000000
1410,2021-06-27 00:00:00,1982.28000000
1411,2021-06-28 00:00:00,2084.41000000
1412,2021-06-29 00:00:00,2165.33000000
1413,2021-06-30 00:00:00,2275.68000000
1414,2021-07-01 00:00:00,2106.41000000
1415,2021-07-02 00:00:00,2154.13000000
1416,2021-07-03 00:00:00,2226.99000000
1417,2021-07-04 00:00:00,2322.69000000
1418,2021-07-05 00:00:00,2196.53000000
1419,2021-07-06 00:00:00,2322.50000000
1420,2021-07-07 00:00:00,2316.57000000
1421,2021-07-08 00:00:00,2116.33000000
1422,2021-07-09 00:00:00,2146.99000000
1423,2021-07-10 00:00:00,2110.69000000
1424,2021-07-11 00:00:00,2140.45000000
1425,2021-07-12 00:00:00,2031.58000000
1426,2021-07-13 00:00:00,1940.15000000
1427,2021-07-14 00:00:00,1994.58000000
1428,2021-07-15 00:00:00,1919.51000000
1429,2021-07-16 00:00:00,1876.26000000
1430,2021-07-17 00:00:00,1899.59000000
1431,2021-07-18 00:00:00,1891.64000000
1432,2021-07-19 00:00:00,1818.73000000
1433,2021-07-20 00:00:00,1786.03000000
1434,2021-07-21 00:00:00,1995.50000000
1435,2021-07-22 00:00:00,2024.56000000
1436,2021-07-23 00:00:00,2124.25000000
1437,2021-07-24 00:00:00,2184.75000000
1438,2021-07-25 00:00:00,2189.79000000
1439,2021-07-26 00:00:00,2228.08000000
1440,2021-07-27 00:00:00,2299.49000000
1441,2021-07-28 00:00:00,2300.90000000
1442,2021-07-29 00:00:00,2382.92000000
1443,2021-07-30 00:00:00,2461.81000000
1444,2021-07-31 00:00:00,2531.05000000
1445,2021-08-01 00:00:00,2555.69000000
1446,2021-08-02 00:00:00,2606.93000000
1447,2021-08-03 00:00:00,2509.04000000
1448,2021-08-04 00:00:00,2724.78000000
1449,2021-08-05 00:00:00,2826.99000000
1450,2021-08-06 00:00:00,2891.58000000
1451,2021-08-07 00:00:00,3160.31000000
1452,2021-08-08 00:00:00,3011.85000000
1453,2021-08-09 00:00:00,3160.52000000
1454,2021-08-10 00:00:00,3141.66000000
1455,2021-08-11 00:00:00,3160.50000000
1456,2021-08-12 00:00:00,3045.96000000
1457,2021-08-13 00:00:00,3322.32000000
1458,2021-08-14 00:00:00,3263.16000000
1459,2021-08-15 00:00:00,3307.09000000
1460,2021-08-16 00:00:00,3146.53000000
1461,2021-08-17 00:00:00,3011.72000000
1462,2021-08-18 00:00:00,3014.55000000
1463,2021-08-19 00:00:00,3184.12000000
1464,2021-08-20 00:00:00,3284.82000000
1465,2021-08-21 00:00:00,3223.43000000
1466,2021-08-22 00:00:00,3238.00000000
1467,2021-08-23 00:00:00,3321.28000000
1468,2021-08-24 00:00:00,3170.62000000
1469,2021-08-25 00:00:00,3226.87000000
1470,2021-08-26 00:00:00,3093.20000000
1471,2021-08-27 00:00:00,3273.45000000
1472,2021-08-28 00:00:00,3244.48000000
1473,2021-08-29 00:00:00,3223.47000000
1474,2021-08-30 00:00:00,3229.64000000
1475,2021-08-31 00:00:00,3429.20000000
1476,2021-09-01 00:00:00,3826.82000000
1477,2021-09-02 00:00:00,3785.82000000
1478,2021-09-03 00:00:00,3938.11000000
1479,2021-09-04 00:00:00,3885.52000000
1480,2021-09-05 00:00:00,3950.29000000
1481,2021-09-06 00:00:00,3926.77000000
1482,2021-09-07 00:00:00,3434.57000000
1483,2021-09-08 00:00:00,3499.00000000
1484,2021-09-09 00:00:00,3424.93000000
1485,2021-09-10 00:00:00,3208.86000000
1486,2021-09-11 00:00:00,3267.21000000
1487,2021-09-12 00:00:00,3404.21000000
1488,2021-09-13 00:00:00,3285.35000000
1489,2021-09-14 00:00:00,3434.37000000
1490,2021-09-15 00:00:00,3613.55000000
1491,2021-09-16 00:00:00,3567.98000000
1492,2021-09-17 00:00:00,3399.81000000
1493,2021-09-18 00:00:00,3435.64000000
1494,2021-09-19 00:00:00,3328.62000000
1495,2021-09-20 00:00:00,2977.28000000
1496,2021-09-21 00:00:00,2765.90000000
1497,2021-09-22 00:00:00,3076.92000000
1498,2021-09-23 00:00:00,3152.50000000
1499,2021-09-24 00:00:00,2928.53000000
1500,2021-09-25 00:00:00,2921.73000000
1501,2021-09-26 00:00:00,3059.37000000
1502,2021-09-27 00:00:00,2925.59000000
1503,2021-09-28 00:00:00,2804.91000000
1504,2021-09-29 00:00:00,2850.45000000
1505,2021-09-30 00:00:00,3000.61000000
1506,2021-10-01 00:00:00,3309.91000000
1507,2021-10-02 00:00:00,3387.76000000
1508,2021-10-03 00:00:00,3417.73000000
1509,2021-10-04 00:00:00,3386.31000000
1510,2021-10-05 00:00:00,3515.27000000
1511,2021-10-06 00:00:00,3574.89000000
1512,2021-10-07 00:00:00,3587.47000000
1513,2021-10-08 00:00:00,3563.13000000
1514,2021-10-09 00:00:00,3574.82000000
1515,2021-10-10 00:00:00,3414.22000000
1516,2021-10-11 00:00:00,3542.12000000
1517,2021-10-12 00:00:00,3491.46000000
1518,2021-10-13 00:00:00,3607.42000000
1519,2021-10-14 00:00:00,3790.82000000
1520,2021-10-15 00:00:00,3868.99000000
1521,2021-10-16 00:00:00,3829.96000000
1522,2021-10-17 00:00:00,3846.85000000
1523,2021-10-18 00:00:00,3744.96000000
1524,2021-10-19 00:00:00,3877.03000000
1525,2021-10-20 00:00:00,4052.07000000
