date,SOL_price_USD,SOL_volume_USD,SOL_market_cap_USD,SOL_price_RUB,SOL_volume_RUB,SOL_market_cap_RUB,SOL_price_BTC,SOL_volume_BTC,SOL_market_cap_BTC,SOL_reddit_mentions,SOL_google_trends
2020-04-11,0.776818582977,43862443.7931816,0.0,57.32183164716414,3236631658.7207565,0.0,0.00011325400015114248,6394.797092707484,0.0,11.0,3.36
2020-04-12,0.882506928259,38736897.0186422,0.0,65.03926035091038,2854843457.549004,0.0,0.0001265952278389556,5556.790713840107,0.0,7.0,3.1
2020-04-13,0.777831565037,18211285.4666889,0.0,57.27788300303803,1341040818.067489,0.0,0.00011363437273650384,2660.509156161801,0.0,10.0,10.0
2020-04-14,0.661924824696,16747614.1218552,0.0,48.353078904182944,1223399813.5102224,0.0,9.673829788863332e-05,2447.612815530804,0.0,10.0,3.8000000000000003
2020-04-15,0.646650901989,13075275.285934,0.0,48.45642515599329,979788470.6231295,0.0,9.735624860469767e-05,1968.5424506434908,0.0,4.0,3.2
2020-04-16,0.690815875441,21346031.3456645,0.0,51.0392294774572,1577098950.6992211,0.0,9.706827029414366e-05,2999.3843714803115,0.0,0.0,2.7
2020-04-17,0.660727970818,9870810.00168021,0.0,48.88849878285714,730359700.3098307,0.0,9.311031245495569e-05,1391.0024155661308,0.0,2.0,2.7
2020-04-18,0.681096334559,9782111.900077,0.0,50.39559212526228,723796761.8180611,0.0,9.384510690985297e-05,1347.8318565042123,0.0,7.0,4.0
2020-04-19,0.606969175324,9289670.37817109,0.0,44.97647658842584,688365503.9895142,0.0,8.442527604363293e-05,1292.1298443414432,0.0,14.0,1.4700000000000002
2020-04-20,0.538812129578,8342616.4207554,0.0,40.68042354556489,629869208.2903166,0.0,7.82934268619815e-05,1212.2444776578175,0.0,12.0,2.1700000000000004
2020-04-21,0.587659155744,9711507.44842345,0.0,45.223369096195256,747350026.8441741,0.0,8.54115592073619e-05,1411.4899518133213,0.0,12.0,1.8200000000000003
2020-04-22,0.691600915883,18828399.5228331,0.0,52.53753273514368,1430301252.5919688,0.0,9.717307215698827e-05,2645.4757120975028,0.0,8.0,2.24
2020-04-23,0.627457179792,13485271.0516431,0.0,46.91269315365659,1008244711.0563554,0.0,8.445227911018886e-05,1815.0431796914684,0.0,3.0,2.0300000000000002
2020-04-24,0.634242220589,9064190.2668448,0.0,47.30850777906587,676103390.5181137,0.0,8.399556798587623e-05,1200.4117434639363,0.0,13.0,2.1
2020-04-25,0.643329301446,7311904.72226874,0.0,47.98631859243801,545399360.3768587,0.0,8.498477378834755e-05,965.9136734285969,0.0,5.0,2.31
2020-04-26,0.635506343577,8320760.35681435,0.0,47.41608155379551,620824411.3624561,0.0,8.274965265386314e-05,1083.451072206325,0.0,5.0,2.1700000000000004
2020-04-27,0.572371895062,7406934.10853669,0.0,42.60304990144217,551316348.9770948,0.0,7.342242210865803e-05,950.1428133348312,0.0,9.0,2.5200000000000005
2020-04-28,0.661292515173,7470201.22321632,0.0,48.96650203155989,553143450.107082,0.0,8.470444013176478e-05,956.8522216203027,0.0,8.0,2.0300000000000002
2020-04-29,0.74584040982,8801144.47969972,0.0,54.521605214211014,643371582.4960833,0.0,8.474459825939404e-05,1000.0121250269056,0.0,6.0,1.54
2020-04-30,0.691045421015,5016891.64140768,0.0,51.38523914762823,373049540.49594235,0.0,7.98107174326133e-05,579.4144769736296,0.0,8.0,1.9600000000000002
2020-05-01,0.728793969447,4164272.07175221,0.0,54.93831140183861,313913239.4488617,0.0,8.221242422249117e-05,469.75539932162116,0.0,4.0,4.62
2020-05-02,0.715876411879,3441355.73678965,0.0,53.96455361846884,259417998.82854638,0.0,7.964273790933729e-05,382.8579744351993,0.0,4.0,4.69
2020-05-03,0.679534571126,3328343.6073183,0.0,51.27937757359566,251165129.46725664,0.0,7.637392257963227e-05,374.07759337767095,0.0,16.0,3.6400000000000006
2020-05-04,0.667490770432,3443697.81828111,0.0,49.901543248419095,257450504.524913,0.0,7.489247592163277e-05,386.3829544340814,0.0,9.0,3.8500000000000005
2020-05-05,0.641837362998,2847469.34149937,0.0,47.324979388349455,209954165.4383785,0.0,7.129094300988144e-05,316.27759032134867,0.0,10.0,5.460000000000001
2020-05-06,0.622583598868,2677562.97435084,0.0,46.478811721086196,199892746.2632855,0.0,6.717009169617909e-05,288.8803219944317,0.0,9.0,4.2
2020-05-07,0.612977957268,3355830.23580211,0.0,45.3135986196924,248075387.60236418,0.0,6.159642291482619e-05,337.21789826849067,0.0,11.0,5.670000000000001
2020-05-08,0.604922121097,2488194.57299153,0.0,44.40128368851973,182633481.657578,0.0,6.145917157904613e-05,252.7968011918952,0.0,8.0,4.69
2020-05-09,0.604527391264,2128502.76121917,0.0,44.372310518777525,156232102.67348683,0.0,6.301166335727983e-05,221.86008671096232,0.0,6.0,4.48
2020-05-10,0.53703391162,2327580.79632425,0.0,39.43482975738593,170916119.93872684,0.0,6.133022722561292e-05,265.813863958648,0.0,5.0,6.8
2020-05-11,0.515272785293,2098480.82876321,0.0,37.985466597204734,154698202.00291163,0.0,5.99029287802042e-05,243.95844535151733,0.0,4.0,6.8
2020-05-12,0.538575650335,2198624.8775544,0.0,39.666779561097336,161931510.08822614,0.0,6.117065224220648e-05,249.71666972372205,0.0,5.0,6.0
2020-05-13,0.550531657365,2326445.52977927,0.0,40.72860727769138,172111603.51583526,0.0,5.938860706610447e-05,250.9653306588216,0.0,2.0,5.84
2020-05-14,0.569117610116,2047896.7931676,0.0,41.8650881647872,150646155.16091937,0.0,5.8468655774665185e-05,210.39196562086988,0.0,9.0,5.28
2020-05-15,0.559752024505,1850070.45437919,0.0,41.200827639702766,136175360.82980746,0.0,6.000645257776382e-05,198.33097537146145,0.0,1.0,5.84
2020-05-16,0.599120273328,2300409.14570367,0.0,44.098547278444094,169322765.37409145,0.0,6.389243651400802e-05,245.32427267345832,0.0,3.0,5.28
2020-05-17,0.612988807183,2936428.44886882,0.0,45.13571444826005,216215686.83279857,0.0,6.33859298294448e-05,303.64053214044776,0.0,11.0,6.32
2020-05-18,0.652670169702,3314358.53130945,0.0,47.44967349629899,240956669.17351463,0.0,6.710174775011075e-05,340.7528954830258,0.0,10.0,3.84
2020-05-19,0.624454265112,2380263.04324887,0.0,45.29041894004302,172635718.00075358,0.0,6.418458539252437e-05,244.6555417932418,0.0,7.0,5.68
2020-05-20,0.579155667218,2302926.39702093,0.0,41.26293007558066,164075906.130631,0.0,6.0816634799877054e-05,241.8283055596864,0.0,6.0,6.48
2020-05-21,0.608915324064,2863016.80167901,0.0,43.26219524097792,203411520.38311842,0.0,6.704814798648937e-05,315.2490446875399,0.0,6.0,5.44
2020-05-22,0.638875070548,3411419.38179332,0.0,45.76377127848019,244366110.8727426,0.0,6.957469940272217e-05,371.51000088531094,0.0,63.0,4.72
2020-05-23,0.613031410499,2638523.84936932,0.0,43.912543390582236,189002212.67325312,0.0,6.656664973402496e-05,286.50684106524307,0.0,43.0,6.4
2020-05-24,0.549053085284,2786816.20172933,0.0,39.31736200533593,199562236.11611557,0.0,6.24607621930935e-05,317.0306637327046,0.0,18.0,5.6000000000000005
2020-05-25,0.600857275438,4509580.33947343,0.0,43.053707042779415,323128567.7285616,0.0,6.745948988428513e-05,506.29991801517184,0.0,9.0,5.68
2020-05-26,0.573306660293,2689697.32362274,0.0,40.58758899943909,190418735.84426597,0.0,6.48900076040551e-05,304.434767412761,0.0,12.0,7.12
2020-05-27,0.590984626967,2536915.55918301,0.0,41.99377193378211,180266369.96353444,0.0,6.437027248380463e-05,276.3218167807477,0.0,7.0,6.96
2020-05-28,0.57515546338,2662787.87087333,0.0,40.57140887127888,187832790.13261768,0.0,6.037901449052231e-05,279.53573890408177,0.0,8.0,6.08
2020-05-29,0.579415408223,2066857.45404741,0.0,40.646473539878485,144991772.09368497,0.0,6.138444460052051e-05,218.96707454544676,0.0,9.0,6.08
2020-05-30,0.587932797998,2449094.83912943,0.0,41.24397552758042,171806043.06093043,0.0,6.060904139276301e-05,252.4732265065825,0.0,7.0,7.76
2020-05-31,0.570022020054,1892967.09044357,0.0,40.11488411524763,133216179.01695727,0.0,6.0249283403773965e-05,200.07983322354417,0.0,17.0,9.0
2020-06-01,0.577495156711,2159877.15931313,0.0,39.9114410240008,149271918.320437,0.0,5.679944218672081e-05,212.4343666179324,0.0,8.0,6.4799999999999995
2020-06-02,0.56466943316,1295757.46418593,9741011.2562594,38.78240014052179,88994695.85223223,669028238.6979045,5.9252994536707635e-05,135.9689500397519,1022.1627962383433,6.0,7.83
2020-06-03,0.586620621665,877446.184522142,10119647.9354345,40.202577754256545,60133580.6407636,693524772.1351638,6.074741293313605e-05,90.86381168545185,1047.9386662660775,4.0,6.569999999999999
2020-06-04,0.587299493452,901641.251808101,10131321.1400611,40.57934104016739,62298721.96543059,700021607.9082961,5.9924627113757825e-05,91.99823328197402,1033.7411291118588,8.0,6.75
2020-06-05,0.66115464236,4322091.65471632,11405328.7385824,45.42457747212706,296948965.69204414,783602209.9633337,6.840333138251461e-05,447.165381260655,1180.0000049110588,10.0,8.28
2020-06-06,0.622442695244,1604055.15722887,10737481.2006963,42.63110019726162,109861737.71860547,735410087.4356906,6.447725041032709e-05,166.1599804044281,1112.2682769730015,5.0,4.95
2020-06-07,0.616577854377,716785.469365787,10636269.8312904,42.03414703979957,48865630.83871465,725109614.0895104,6.318138936886102e-05,73.44977039387962,1089.9098968159378,4.0,6.8
2020-06-08,0.668313065708,1440233.8242528,11528696.0984937,45.529429083116774,98117225.48766413,785402797.5363743,6.839418563828585e-05,147.39143164009704,1179.829965305916,6.0,5.92
2020-06-09,0.658002498205,988327.438893434,11350793.5069779,45.15298683007468,67820313.68253787,778906206.4803811,6.717258441267086e-05,100.89400647798865,1158.7526446757122,18.0,6.16
2020-06-10,0.644866658992,1096203.32551522,11124151.4035966,44.13770501470975,75029307.75389159,761389205.5737485,6.533540910648202e-05,111.06310388007122,1127.0562259374715,10.0,5.28
2020-06-11,0.573741595726,1122221.18826251,9897183.58341088,40.21928586039269,78667705.29720213,693792569.1971042,6.154849350921833e-05,120.38698960684805,1061.7266450278773,15.0,8.0
2020-06-12,0.593868974009,940323.239000038,10244352.3859345,41.417431824643465,65579741.23736894,714458550.7941281,6.263883122629785e-05,99.18138721454152,1080.5317135755067,21.0,6.8
2020-06-13,0.608943286609,764756.553388664,10504345.5146756,42.46874001169889,53335422.119466186,732590913.5808512,6.426653963415096e-05,80.71073025949485,1108.6055995608342,9.0,5.2
2020-06-14,0.587076584953,873415.751115423,10127117.7365674,40.82612762485062,60738554.11461818,704253945.3657295,6.254286255307706e-05,93.04735135719591,1078.869348379259,11.0,7.84
2020-06-15,0.570639136151,942666.189719777,9843524.99494113,39.714486639133156,65606267.47283259,685074887.3104217,6.038060843954009e-05,99.74562641213846,1041.565484613186,6.0,5.36
2020-06-16,0.58557626277,652020.104651764,10101141.4390675,40.76893200894669,45394878.524054684,703260659.1566141,6.139387359376251e-05,68.36007951590248,1059.0391723347664,4.0,4.48
2020-06-17,0.581561970806,673274.193458797,10031846.4524466,40.484653233685016,46869076.07729556,698353477.8898987,6.134454699152852e-05,71.01857148873688,1058.1831464340996,5.0,4.72
2020-06-18,0.620956096312,1349341.26909908,10711334.8299096,43.40833084076766,94326559.59741844,748782673.6937833,6.597605418632725e-05,143.36635587389125,1138.0701652551813,8.0,4.64
2020-06-19,0.684331738563,6577470.95547564,11804490.7995105,47.50938878386706,456637632.3484192,819520871.5106179,7.367897928348552e-05,708.1672805120126,1270.9374475244513,18.0,7.12
2020-06-20,0.643591290368,1714405.29578048,11101677.8613918,44.681003538153284,119021730.4569121,770728434.6881961,6.896354374334622e-05,183.70581824029625,1189.5919946040008,6.0,4.5600000000000005
2020-06-21,0.67314920063,2238347.1863849,11611481.9990937,46.90644991321986,155972732.47639167,809112449.8090494,7.2353395536641e-05,240.58859339543648,1248.0593441405501,6.0,5.28
2020-06-22,0.726847851963,1620387.87401448,12537695.5906935,50.1447354161489,111789449.46256557,864967030.4804672,7.533103168295746e-05,167.9381591985204,1299.4157459818516,14.0,6.32
2020-06-23,0.708296754877,1327340.25336353,12217638.9889378,48.70205988728949,91267119.41712411,840077526.295968,7.355367428132307e-05,137.8387688269786,1268.751031952957,9.0,5.5200000000000005
2020-06-24,0.736993876923,2769053.65582756,12712583.3849433,51.1979136765722,192362208.79982695,883125039.6081022,7.913084715074565e-05,297.31259438183525,1364.946879782772,11.0,6.4
2020-06-25,0.713193588341,1751581.2295456,12301987.5415512,49.276969876680006,121022702.52548586,849986146.0034131,7.697873502948803e-05,189.05737454182923,1327.8182176314615,13.0,4.8
2020-06-26,0.741144336305,1664662.318395,12784052.9001166,51.7166812151949,116159304.24644426,892064819.3436891,8.08851905415785e-05,181.6738281804192,1395.194571511933,4.0,5.44
2020-06-27,0.713548036244,1681428.02669551,12307979.1957079,49.79102519508835,117329206.98879969,858844634.2869021,7.88852620807828e-05,185.88782228880262,1360.6906826469517,6.0,5.2
2020-06-28,0.798495268854,3412582.28723085,13773165.2227317,55.70255085809375,238059692.80785188,960807742.0386301,8.732849469395739e-05,373.2215903931957,1506.320491790223,12.0,5.04
2020-06-29,0.852454240319,2147790.97814405,14703824.7067831,59.80037505276001,150669326.22668985,1031485551.4668148,9.275027078231595e-05,233.68784549904927,1599.8321770086961,7.0,7.6000000000000005
2020-06-30,0.860093981011,3887548.37229807,14835525.1298039,61.22630609465677,276737463.41106206,1056075757.6801707,9.412284987933216e-05,425.4269183634406,1623.4992169486345,3.0,5.76
2020-07-01,0.832641570072,1772559.84133893,14361930.621951,58.823149399332415,125225014.11660318,1014619040.1769373,9.022672227263122e-05,192.07816456038492,1556.287809907831,15.0,5.76
2020-07-02,0.78021901831,1749581.47684417,13457643.8789028,55.00311027664735,123340268.11764275,948723695.480382,8.55183538953974e-05,191.76836810474103,1475.0672885763565,6.0,4.5600000000000005
2020-07-03,0.768093046309,1144958.29683634,13248409.5564903,54.88170753556593,81809445.72972034,946624034.7893875,8.452375466134713e-05,125.99537861241893,1457.9032115795785,13.0,4.5600000000000005
2020-07-04,0.7803716825,1644301.45065498,13460110.8038221,55.759039420821644,117488462.82205434,961750491.1436144,8.545006429013908e-05,180.04967097308403,1473.8711812995523,5.0,3.7600000000000002
2020-07-05,0.691663563023,3799016.31678145,11929965.7302922,49.36133100505568,271120978.36505646,851395127.3046055,7.622524992509503e-05,418.67315801707275,1314.7499275729558,2.0,5.68
2020-07-06,0.707908010158,1120773.259312,12210072.8690639,50.84407701357819,80497297.80356602,876964063.6747793,7.550636403341239e-05,119.54309387972339,1302.3418208253654,3.0,3.68
2020-07-07,0.753047992993,1700040.66085723,12988566.0151594,53.80151385938488,121459405.0149448,927968098.9530634,8.139055412884367e-05,183.74293898426438,1403.8236542019672,6.0,5.44
2020-07-08,0.796713400012,2220222.72711344,13741613.2737162,56.75706590345469,158166446.85683388,978938788.0062653,8.45020421792725e-05,235.48412080315646,1457.4806755469751,7.0,4.88
2020-07-09,0.853453047328,2668723.50625663,14720152.3853897,60.40672392743798,188890114.79403928,1041880609.7159748,9.198706612656452e-05,287.6409503863421,1586.5707376724072,4.0,5.04
2020-07-10,0.913559592712,1856094.87383758,15756747.8792219,64.61835389150167,131286230.66371688,1114514169.3670652,9.845656961400997e-05,200.03592060557244,1698.1435659338317,12.0,5.36
2020-07-11,0.924624245478,1788814.0647145,15947475.7511162,65.40098444327276,126527290.83241862,1128004828.5658288,0.00010006380852006667,193.58733985724018,1725.8526020082245,4.0,5.5200000000000005
2020-07-12,1.01671595852,4693370.50719829,17535715.8229986,71.91486153601605,331973829.4004037,1240345019.4502509,0.00010960124777022142,505.94195903611427,1890.337530987869,11.0,7.109999999999999
2020-07-13,1.17573410198,4062068.74661056,20278237.5664092,83.24973426525702,287621276.91375506,1435833056.0697086,0.0001271942035238287,439.4459580733979,2193.7564554628148,15.0,5.9399999999999995
2020-07-14,1.14807454207,2213135.15016517,19801055.4914822,81.50537077262999,157117325.02919146,1405738312.6123495,0.00012420729570416673,239.43352278696406,2142.2263664611314,10.0,7.02
2020-07-15,1.28959809685,3355229.32708245,22241796.9042963,91.61175920212719,238352136.16661024,1580035010.2843056,0.00014028292302456028,364.9829963075713,2419.4702913059755,14.0,4.05
2020-07-16,0.872441377367,7486567.81431637,15046966.0262034,62.45232009261283,535913978.47933376,1077112987.840127,9.553434172492104e-05,819.7964315702441,1647.6774618472678,16.0,7.109999999999999
2020-07-17,0.977837416041,8973774.36468872,16864618.7937719,70.28372660155408,645005287.8784211,1212173145.6543036,0.0001068512189660592,980.5911635857867,1842.8473342820844,19.0,5.58
2020-07-18,0.966583495614,2923007.17734355,16670417.2869211,69.47483193919872,210096109.98376894,1198214582.2068408,0.00010553327702542472,319.13903723128465,1820.1053231852761,7.0,2.9699999999999998
2020-07-19,0.920349487609,2206671.01567458,15872927.8675157,66.13659028442883,158572041.18767956,1140633358.438035,0.00010019244846526496,240.22588700749898,1727.982172827129,11.0,6.569999999999999
2020-07-20,0.87308942899,3036870.91981545,15057755.3103182,62.27415123002636,216608462.60094014,1074012466.814815,9.527143022087827e-05,331.38304773854486,1643.1007371026944,5.0,9.0
2020-07-21,0.977165717243,4299502.33510521,16852602.2014576,69.11688551203208,304112399.1666626,1192018258.9135027,0.00010423226031418064,458.6190844665801,1797.6324676941542,12.0,4.59
2020-07-22,1.04408725245,5295001.98436419,18006642.2008208,74.30236491187924,376818286.7170803,1281440891.5571961,0.00010961127708500071,555.8845089927636,1890.3889909709967,11.0,4.32
2020-07-23,1.04984357893,2970423.1250175,18105795.7974271,74.90339979463475,211931372.7852493,1291797833.918195,0.00010957475089214987,310.0303516642035,1889.7463431926085,14.0,5.22
2020-07-24,0.995345503195,1991763.30860784,17165794.8003885,71.33651174853595,142749875.50425473,1230274229.9233236,0.0001043679043064799,208.84824588715244,1799.9358246164998,6.0,7.56
2020-07-25,1.25222285418,9978279.43748358,21595764.5736461,89.74693718136601,715144285.1123918,1547770606.5696728,0.00012940045133610093,1031.1214640892576,2231.6328706585723,18.0,8.19
2020-07-26,1.5651096946,10463129.600325,26991607.0561782,112.28879503907729,750677233.175319,1936512848.2455099,0.00015800941625353451,1056.3304323247216,2725.002655984124,5.0,7.0
2020-07-27,1.77863550182,32838354.7073633,30673811.3399836,127.306013906317,2350408522.015005,2195481114.040466,0.0001618284040877375,2987.7839105999396,2790.843841449558,31.0,7.9
2020-07-28,1.78406723276,9692632.1660337,30767254.4661293,129.36360708104405,702817604.675187,2230949004.9662695,0.0001634835664890817,888.1874214564128,2819.3671173582916,17.0,6.5
2020-07-29,1.65828948188,10348944.5267619,28597942.6143557,120.24389696270437,750410246.7911272,2073659697.3210242,0.0001493891485621633,932.2980265286975,2576.282575792975,27.0,9.0
2020-07-30,1.68680710334,5222980.07636029,29089539.6606279,123.7384339568709,383140060.26953083,2133909725.0688143,0.00015181122956770744,470.0638418168152,2618.034258152149,49.0,7.0
2020-07-31,1.53817765536,4822046.26693321,26526190.853226,114.42503578223028,358712021.79716116,1973283337.5714803,0.0001358398213243354,425.84541586295603,2342.585730173092,26.0,8.9
2020-08-01,1.52660964025,4589882.24595131,26326510.4083857,113.5644911381974,341441340.2763176,1958429109.2798104,0.00012981824030961977,390.3096251247222,2238.7263676324224,22.0,6.5
2020-08-02,1.74281034979,7216576.38811606,30054693.6113815,129.647661920878,536841117.5119532,2235768657.7506676,0.00015766882807733416,652.8703148807458,2718.9925286482558,14.0,5.44
2020-08-03,1.80261098364,5836036.43502209,31085735.0137577,131.7198490132473,426449103.5690047,2271487503.204804,0.00016028410817768083,518.9272137857901,2764.073534971274,18.0,6.640000000000001
2020-08-04,1.87163885812,5495664.99847303,32275884.1492363,137.4230243547167,403513157.2813828,2369821290.185105,0.00016702273275611023,490.4263353877314,2880.2599119682504,15.0,5.68
2020-08-05,1.75454981586,5405764.40284623,30256505.6597196,127.81790135551172,393806693.2887069,2204168283.4071813,0.0001493612331458086,460.18165457962357,2575.674372519185,9.0,6.08
2020-08-06,2.20634832732,11143557.0707687,38047323.8161723,161.49874041934058,815678289.9761795,2784961375.5695143,0.00018729972802608761,945.9907951766702,3229.8859226573945,14.0,5.28
2020-08-07,2.08590263527,8068101.90171604,35970036.8564279,153.75814095365797,594723995.4811963,2651459326.797878,0.00017979636608074533,695.4377345181917,3100.4716160872417,17.0,7.76
2020-08-08,2.47362485486,10919229.1805999,42655747.4961301,182.33830892629572,804889140.5895628,3144283115.182247,0.00021044880155383954,928.9762311508706,3629.0268196111874,6.0,5.92
2020-08-09,2.6652275038,12107836.8570546,45959454.0071939,196.5605284052501,892952968.2077771,3389509733.0305514,0.00022827055533142002,1037.0081500665356,3936.3206608039986,9.0,4.95
2020-08-10,3.13179330211,22863250.6335323,54004593.6510801,230.37502848254223,1681823002.9277022,3972583309.432824,0.0002636608814601173,1924.8220535561325,4546.564026222925,16.0,9.0
2020-08-11,3.30341929739,36356155.1835573,56963799.6073747,241.47962029727907,2657631308.3025184,4164048054.9191265,0.00028950631993264714,3186.1945900745554,4992.215189498196,15.0,8.37
2020-08-12,3.76975091301,28461706.5886889,65004787.9204578,278.2570011170987,2100846794.6015544,4798204911.251548,0.0003254011395760963,2456.7861304249755,5611.148469841439,19.0,4.95
2020-08-13,3.75597115712,28236179.4181239,64766752.6195916,273.99584232920927,2059812346.8444843,4724695743.547627,0.0003187311071633191,2396.1176354989834,5496.096190910046,21.0,8.19
2020-08-14,3.40938766083,18427949.9772839,99684620.8277296,248.35207101043576,1342358216.965275,7261386645.726791,0.00028969539823463426,1565.821443143707,8470.194299209548,16.0,4.95
2020-08-15,3.18379488714,13155762.3719706,93088676.8213831,231.9190812408709,958313091.9188759,6780914338.906091,0.00026831921174785074,1108.7221114172125,7845.191437505318,15.0,5.9399999999999995
2020-08-16,3.38565277366,10395312.8169568,98990653.6220894,247.16179373966975,758885902.9824548,7226584989.177331,0.0002846807830766102,874.084258161665,8323.575592170844,13.0,7.38
2020-08-17,3.09860770861,10723918.7652425,90597950.4986745,228.2595565762974,789979620.6253419,6673916143.074957,0.00025285670665912215,875.1074793767868,7393.094430607161,24.0,7.47
2020-08-18,3.32997591802,30350144.9435501,103607422.825354,243.3579700648196,2218018942.6195846,7571734067.499694,0.00027770087111280936,2531.027820235806,8640.264158265052,20.0,5.31
2020-08-19,2.89904061061,14838388.9157821,91286346.3844131,212.45387191606537,1087419460.9819584,6689846865.704606,0.00024655304389475426,1261.9519506870474,7763.57753828504,9.0,5.9399999999999995
2020-08-20,3.20826704334,13756478.1507016,101023083.037279,237.0627017528453,1016482678.329125,7464716833.324212,0.000270093169811343,1158.1114473860582,8504.79226107288,16.0,8.1
2020-08-21,2.94366836633,11796735.6331521,92690989.2578399,220.24791647033962,882642377.1345072,6935223238.161892,0.0002539289323396029,1017.6188726563391,7995.779758672136,11.0,6.66
2020-08-22,3.02088644284,10296804.8195696,95122114.0144119,226.02544245108666,770416203.7245327,7117122180.460889,0.0002585971196650215,881.4379879802188,8142.743915077223,7.0,6.12
2020-08-23,3.32243106353,11991402.1639282,104616816.094793,248.40155846482,896537182.7860903,7821676255.327186,0.00028482420559711413,1027.9947213434561,8968.553738671048,10.0,5.76
2020-08-24,3.34498605269,15785207.7166973,106162865.723266,249.6540375383345,1178133713.4980206,7923497332.115693,0.0002840849994127935,1340.615672021269,9016.264095451384,14.0,6.88
2020-08-25,3.26484998089,13444308.062981,103619131.980434,245.99240720514328,1012970802.020946,7807256032.458174,0.00028724363712222267,1182.8390183948238,9116.479017328023,8.0,6.32
2020-08-26,3.55837531339,22147431.4936826,113824141.563725,269.09216962424114,1674837493.9015636,8607631998.16032,0.00030973735437699794,1927.8143065138797,9907.776827114312,5.0,4.5600000000000005
2020-08-27,3.44506033395,21031356.3229519,111060306.36774,258.445325698629,1577753423.1271646,8331644229.432143,0.0003042426512196418,1857.3362978242487,9808.037822038703,11.0,5.84
2020-08-28,4.0113925268,27212887.5047479,130085569.491252,297.1848176264834,2016072213.3667495,9637415432.873304,0.00034753239068545714,2357.6251361079944,11270.138401299366,9.0,6.4
2020-08-29,3.96880938889,14585964.4266973,128704139.655732,294.0300373377935,1080604091.744755,9535071927.222837,0.0003449079553216921,1267.5880028126335,11184.98705792252,5.0,5.92
2020-08-30,4.43582255875,22220238.7965161,143848364.09318,328.9836672342045,1647968454.3913713,10668542692.643482,0.0003787576506189741,1897.299842654807,12282.652813026174,11.0,7.109999999999999
2020-08-31,4.78204551788,20950150.2193332,155135267.461776,353.1440191998511,1547124598.382299,11456413717.990507,0.0004093929464774528,1793.5512523603918,13281.1960930268,10.0,4.95
2020-09-01,4.34451591286,16944926.9392703,142029235.639603,319.732910800566,1247055120.1248198,10452584785.202307,0.00036293585302992924,1415.5596703029205,11864.95868031344,16.0,8.19
2020-09-02,4.16447184085,23655802.3133022,137185056.897479,314.40846214612543,1785961031.8892286,10357169988.6345,0.0003648553998042077,2072.5190469645568,12018.981204415237,8.0,6.12
2020-09-03,3.52733985495,26473633.5627635,117631513.488068,265.7148640073681,1994261463.6463237,8861193674.20748,0.0003442886978343967,2583.9792027632748,11481.51362456972,10.0,6.4799999999999995
2020-09-04,3.54579448415,17729340.0425555,119132915.465114,267.19227961477844,1335989100.1047592,8977225104.99904,0.00033731518883341183,1686.6109164192005,11333.240563157759,14.0,8.37
2020-09-05,2.59791636472,25062204.6506355,87285369.2146955,195.76520828856653,1888554912.787246,6577362811.562626,0.0002554598743745302,2464.431780231752,8582.997419443038,8.0,8.82
2020-09-06,3.08604269295,20375889.8797486,103685156.764957,232.54041481197717,1535370166.9857864,7812915038.100099,0.0003001884353809994,1982.022645529348,10085.759685895042,14.0,4.48
2020-09-07,2.9285280901,17135013.476324,99856838.0760455,221.84478840934565,1298028675.871974,7564455054.774687,0.00028241574707706866,1652.4334010832172,9629.801271613305,7.0,8.0
2020-09-08,2.4689767582,10163724.6032389,84805195.3148526,188.31379530143036,775207602.9382372,6468261857.054436,0.00024369271102642654,1003.178986786008,8370.434386133637,9.0,5.5200000000000005
2020-09-09,3.63637779652,52354542.078401,125895646.215421,274.03233981683144,3945364994.66938,9487319644.889402,0.0003550336187093903,5111.576291043256,12291.678520970267,28.0,6.16
2020-09-10,3.4698368119,31177874.7930509,120996908.90366,260.85712676342473,2343905860.1293826,9096366116.013824,0.00033482488254509777,3008.535799086417,11675.700618843808,10.0,5.68
2020-09-11,3.42742826316,17090627.4630998,120434613.072138,256.6972397693681,1280002543.8488588,9019950346.037771,0.00032953142745908293,1643.1850447817155,11579.232857394245,24.0,7.36
2020-09-12,3.3326599913,10368518.3648969,117103942.771464,249.59957004841337,776550182.9389528,8770499793.868792,0.00031915394968845106,992.9466543880029,11214.521120417148,13.0,5.2
2020-09-13,3.22583906019,15316353.1818696,113349810.373631,241.6153456082319,1147194853.3220372,8489900796.984994,0.00031246758674504575,1483.602816871996,10979.512940540475,3.0,8.28
2020-09-14,3.26913320415,21301450.1011828,118987736.46406,245.97383215341063,1602748797.4981203,8952791975.613249,0.0003060746149090101,1994.3614192430027,11140.30030067288,9.0,7.38
2020-09-15,2.93912067127,11992537.7843944,107710516.414547,221.12709499953533,902268174.2391397,8103686870.861569,0.0002722176543223939,1110.7337432422912,9976.012353229497,4.0,5.13
2020-09-16,2.54539877265,24199803.5835456,93917562.6875188,190.6378956174992,1812446709.3700078,7033965249.237996,0.00023192900510886398,2205.0126012744045,8557.4830593983,10.0,7.92
2020-09-17,2.89187378323,23792219.5131179,107424214.43618,216.87867705973918,1784318915.383842,8056375643.434327,0.00026412242641810627,2173.005884322554,9811.335590605275,7.0,7.6499999999999995
2020-09-18,3.10794006412,23510207.0958752,116227097.944417,235.27106285388385,1779722677.1577513,8798391314.39236,0.000283970551251207,2148.1130045331356,10619.597673274106,4.0,8.73
2020-09-19,3.02889117957,10763972.5896187,113270346.303239,229.28706229344883,814832725.034135,8574565215.155187,0.00027301213646945476,970.2214372744966,10209.735975814248,11.0,5.49
2020-09-20,2.8709033938,9217295.41412604,107361555.128177,216.99292666528214,696675447.9335951,8114762102.0305605,0.0002624640875914386,842.6647292116705,9815.221463031216,5.0,4.48
2020-09-21,2.78250941483,19492893.6246122,104757856.3029,212.3811526076126,1487837990.264502,7995873849.602717,0.00026595683115240214,1863.1628668575274,10012.928384768891,2.0,5.74
2020-09-22,2.915519109,18556523.3857526,110493813.334531,221.7365987639749,1411295973.9276886,8403485429.96308,0.00027665512988716634,1760.8381888810407,10484.815614972182,4.0,3.2900000000000005
2020-09-23,2.83675707,16096650.33028028,107545200.18238471,217.9639315276952,1236795786.1173017,8263299983.13376,0.00027685979285965793,1570.9893960626466,10496.119727850182,3.0,4.2
2020-09-24,3.13271463,18993325.64791849,118764707.79699808,241.41168845967962,1463654164.4166741,9152186529.89589,0.00029114268957498857,1765.1680941996945,11037.544282993193,9.0,5.670000000000001
2020-09-25,3.18861239,15935143.49283597,122206478.07352893,249.18049244124856,1245283658.5342457,9550069642.008944,0.000298204125918633,1490.280082825979,11428.945107847141,8.0,4.62
2020-09-26,3.13470267,11018474.88090908,121440587.25937828,244.96760955240993,861060756.5181204,9490217572.555532,0.00029158062217465213,1024.9054214737519,11296.038482126489,10.0,4.2700000000000005
2020-09-27,3.15294678,9734367.88069845,123455190.65342163,246.36747785308503,760631824.9563849,9646640451.430405,0.0002926095552611289,903.3990279783254,11457.271864187816,12.0,4.72
2020-09-28,2.95667817,10950200.85069037,116996606.06382905,234.16151936863957,867228531.8727897,9265838708.742657,0.00027607602187482036,1022.4609226200872,10924.407635125674,3.0,5.92
2020-09-29,2.94643322,8821253.14791489,117872307.03014542,232.76734045009806,696876352.3095238,9311876893.691942,0.00027169486063336807,813.4204869691212,10869.175589558732,12.0,6.24
2020-09-30,2.89787636,7767702.10929252,117178459.57132548,225.1667318978428,603555114.5133661,9104836615.768816,0.0002687077400964939,720.2659534897347,10865.459787732021,9.0,4.88
2020-10-01,2.86102773,10825966.25721191,116403066.95333205,221.01296162855937,836300480.3862053,8992078720.608347,0.00026941387887778216,1019.4467992644888,10961.306474707733,7.0,5.2
2020-10-02,2.62608296,15856538.99496961,107500110.50109477,205.34025445803337,1239864011.0176826,8405713140.365339,0.0002483064634319009,1499.2980724839447,10164.557884746106,6.0,6.16
2020-10-03,2.5473028,6155890.57867446,104274635.61227962,199.18022891921925,481345089.6619137,8153504872.574248,0.00024146586235379003,583.5338567268876,9884.480482550533,7.0,6.0
2020-10-04,2.51599459,7075729.47763526,104250459.1504476,196.6878770731993,553145151.9139938,8149779644.084141,0.00023581003097334304,663.1683525520485,9770.809563327512,10.0,6.8
2020-10-05,2.65764391,8105684.0286038,110119117.58235022,207.67998876057447,633413815.0047367,8605192372.000986,0.00024622999469720583,750.9894489139215,10202.506677564294,15.0,5.36
2020-10-06,2.17625031,9739070.719841,90716350.09490736,170.65959068485785,763729160.6860007,7113894529.724917,0.00020522133279470743,918.3985243442336,8554.590520769723,15.0,6.48
2020-10-07,2.29179581,11759752.04495923,96678235.2477901,179.00758712746378,918530712.7275922,7551343598.733705,0.00021480949279943822,1102.2388474586,9061.6286964599,20.0,6.88
2020-10-08,2.36522028,14931921.70481354,100368606.7828738,182.86818855840556,1154468992.5689251,7760049017.724062,0.00021668086992342094,1367.9325397241262,9194.897073483093,36.0,6.08
2020-10-09,2.53985887,12002959.23561284,107778851.91582133,194.97531398625836,921421569.2732065,8273772901.943054,0.00022955114146108998,1084.8212969588578,9740.997334486765,20.0,5.44
2020-10-10,2.40608988,8842883.98002147,102101819.79891624,184.70637694611696,678834600.1873481,7837968719.050151,0.00021299689243244076,782.8081667028941,9038.469638909006,16.0,5.68
2020-10-11,2.42657824,7170646.66388414,102970675.76628862,186.53737841215795,551226252.7339047,7915623569.908796,0.0002131535010518822,629.8780793537913,9045.06588061328,4.0,6.370000000000001
2020-10-12,2.58707246,12289968.79120837,109780567.40641767,199.29564437060577,946760203.8245604,8456967966.26745,0.0002238850034499646,1063.5727246772374,9500.39981196541,12.0,3.8500000000000005
2020-10-13,2.40491019,11415736.61057108,104488549.19119287,185.31492401979884,879661274.427057,8051563686.170301,0.00021047885209398847,999.1105479079532,9144.886150916314,9.0,5.460000000000001
2020-10-14,2.31463525,9436238.75624435,100565804.44055878,179.9638165416133,733671337.793555,7819031521.5758,0.00020251400807880465,825.6033134013655,8798.787684982683,8.0,4.48
2020-10-15,2.26643616,8332482.58866874,98642537.62742521,176.6816173581261,649564512.9375355,7689748070.522884,0.0001971611328871062,724.8568196794107,8581.081970330968,3.0,4.2700000000000005
2020-10-16,2.1493861,13637728.05365193,93547686.544544,167.22997636995555,1061064338.3950851,7278346784.836889,0.00018983949914469175,1204.5204271009263,8262.380574509556,11.0,4.41
2020-10-17,2.20184324,6612611.78386479,95830287.75166795,171.31133070765944,514485002.18708885,7455941376.115474,0.0001938566253301996,582.1934013062344,8437.174749988246,20.0,4.62
2020-10-18,2.21426738,6294162.16574452,96370525.3833067,172.46428419816107,490238072.57743,7506082521.08772,0.0001928240023446371,548.1115565208062,8392.189028438219,10.0,9.0
2020-10-19,2.05807954,8248860.30237032,89572373.35173108,159.75471974929772,640302933.0228305,6952894251.154774,0.0001752744871822677,702.5067453593769,7628.350362456489,5.0,6.029999999999999
2020-10-20,1.88867176,13129043.07033953,82671092.68542057,146.02662333504864,1015099535.9734192,6391889140.265858,0.00015849434727359152,1101.7685316374582,6937.627358588938,10.0,6.93
2020-10-21,1.89037825,19275509.45257168,82745351.05974524,145.01904418398178,1478707214.797489,6347751684.802912,0.0001474129809357169,1503.1173298032709,6452.538722496109,21.0,7.6499999999999995
2020-10-22,1.95565252,11445662.79336236,86579897.07269996,149.75076710966044,876432170.7746489,6629708432.514517,0.0001508305504183085,882.7517165601582,6677.51218434031,25.0,5.58
2020-10-23,1.96003515,11497444.71334744,87263476.2003648,149.38858703812357,876304192.9507836,6650986544.607337,0.000151570137675121,889.1010337820541,6748.112196711848,32.0,6.12
2020-10-24,1.91182801,7581827.29356544,85116777.84839806,145.71436898660087,577866405.3819758,6487370992.305951,0.0001458513028696531,578.4094505965603,6493.467445984163,15.0,6.029999999999999
2020-10-25,1.78745942,9092333.67184322,80026191.61112621,136.19840015290433,692805266.4610583,6097726832.7384815,0.00013716794644913697,697.7370922340019,6141.134306390762,12.0,3.0100000000000002
2020-10-26,1.68546625,13396735.95349503,76302194.43703932,128.91204339808004,1024642651.0347332,5835935190.417698,0.0001289051105657552,1024.5875462089523,5835.621336420296,26.0,4.340000000000001
2020-10-27,1.71023239,14384427.42623876,78274491.4004513,132.2379047666079,1112226943.6805277,6052308914.268399,0.0001252530415783437,1053.4786366075962,5732.623345944485,23.0,3.7800000000000002
2020-10-28,1.49005343,17089719.31755684,68228554.8641858,117.84385561844853,1351574631.6680598,5395991718.545627,0.0001122764968587064,1287.7214861173431,5141.066066256989,14.0,5.8100000000000005
2020-10-29,1.42893639,8024137.80398694,65429707.3741233,112.70492856936275,632890228.2550669,5160656938.630328,0.00010633641953349855,597.1281086342556,4869.048658834155,58.0,4.41
2020-10-30,1.44133589,8528335.71424465,65997124.65947093,114.40171226108028,676911062.311028,5238323778.4715395,0.00010639896065852463,629.5590517367934,4871.886920278377,46.0,4.970000000000001
2020-10-31,1.54069959,6449388.39066769,70546511.16326353,122.2884078574803,511900855.3440771,5599417684.050567,0.00011179886671904525,467.9915006063024,5119.116049764989,13.0,4.0600000000000005
2020-11-01,1.5998403,6877556.68110791,73254104.4517357,127.13026954327292,546520571.2522594,5821089795.087814,0.00011646120035118647,500.6552882591777,5332.57034161493,55.0,4.41
2020-11-02,1.47407225,6366346.26428922,67496510.0918503,118.7835426422943,513012278.0344108,5438997026.571354,0.00010878369099570073,469.8240841221128,4981.112355327249,28.0,5.95
2020-11-03,1.41223396,6536977.27806969,64772687.2743289,111.68638150321954,516976194.33848554,5122541495.822287,0.00010123322611170955,468.59041605113117,4643.103255147036,9.0,5.180000000000001
2020-11-04,1.39225494,11406316.03373677,63882412.77078965,108.0371734125725,885115296.0070844,4957192183.876423,9.850599881034194e-05,807.0293172381622,4519.862487542101,4.0,3.3600000000000003
2020-11-05,1.40521805,8924131.52401733,64476759.51742544,108.09246388570584,686463829.9167395,4959694190.951113,9.019459037627937e-05,572.7996358093926,4138.471544301655,0.0,5.74
2020-11-06,1.91374,22547497.1265051,87809005.86384876,148.18414155796538,1745891033.249997,6799200599.3461895,0.00012294453822012563,1448.5205002966854,5641.1203598708225,1.0,5.53
2020-11-07,2.03196386,51426099.67867579,93232781.91859989,157.33841601832523,3982010322.48839,7219172799.684765,0.00013698244188718587,3466.8297253666883,6285.177794030887,13.0,6.790000000000001
2020-11-08,2.15659813,25931043.04138239,98950578.49222584,166.9015360442169,2006832360.0166633,7657895698.359131,0.0001393190213038142,1675.17883265181,6392.335021167412,6.0,4.62
2020-11-09,2.02865216,18210625.97270338,93091959.13931833,154.7835225602012,1389447087.9035857,7102795462.783529,0.0001323121838387004,1187.728354336577,6071.617724522214,10.0,6.23
2020-11-10,2.247987,16170833.13282796,103163301.09022862,171.96516073375534,1237026690.494872,7891724308.817604,0.0001470146692335578,1057.5460108326959,6746.7109849042245,10.0,5.250000000000001
2020-11-11,2.0021245,13877948.92652378,91879509.07207444,154.32876177119826,1069746998.1284108,7082302258.045805,0.00012751297240404317,883.8703679479211,5851.698685473588,19.0,5.11
2020-11-12,1.89913759,11506047.76935046,87162760.83472751,146.441549996147,887225590.4709836,6721076906.587348,0.0001166808465051061,706.9184458910106,5355.180567995662,16.0,3.7800000000000002
2020-11-13,2.02079216,11621743.54314562,92772231.89432384,156.20723396800844,898360775.8852049,7171293525.43162,0.00012383968094609648,712.2122902636906,5685.336585257902,13.0,6.370000000000001
2020-11-14,1.91701557,8134592.54731619,88007184.07888201,148.185303561008,628804003.9075754,6802955329.297947,0.00011930539093384424,506.2560571404717,5477.123746844586,25.0,4.69
2020-11-15,2.04323394,18621333.34008639,93803903.71451163,158.2443147583653,1442184410.0186946,7264921639.351083,0.00012805758157313662,1167.0728772245639,5879.062997455753,7.0,4.9799999999999995
2020-11-16,2.25535545,22156135.17364347,103541326.05497044,172.10910635164672,1690763478.077065,7901373194.981499,0.00013495252114646466,1325.7450396765837,6195.548020586462,17.0,4.26
2020-11-17,2.20218147,17074174.95712231,101100127.91945642,167.90422508945593,1301811932.5186293,7708328703.156874,0.00012480197389744003,967.6272216199798,5729.543953356327,12.0,3.36
2020-11-18,2.11502872,14629648.08989412,97099240.81477468,160.54442753469408,1110485382.7356453,7370463522.90734,0.00011879510508455842,821.7054292241862,5453.786233324529,42.0,3.2399999999999998
2020-11-19,2.07676865,10155987.37439732,95341921.8742907,158.25018648372475,773888269.126525,7265073515.205086,0.00011656048328580804,570.0138032246954,5351.149966109647,17.0,6.0
2020-11-20,2.09539164,11113989.73661238,96196099.98011884,159.69796891176637,847040502.3870451,7331479944.273419,0.00011252651657312728,596.8423880370542,5165.9135371386,13.0,3.5999999999999996
2020-11-21,2.38220531,20288343.21897211,109362384.71981557,181.5571572757753,1546253761.2561316,8334933852.796005,0.00012778540746223623,1088.3000697240695,5866.378029550891,24.0,2.6999999999999997
2020-11-22,2.14484477,16416064.59893532,98697801.14056186,163.4330855447667,1250872849.8362203,7520584427.602105,0.00011675800083526938,893.6343137570399,5372.770145976099,8.0,4.340000000000001
2020-11-23,2.27637688,15487339.47782299,104749492.89621204,173.06519450503916,1177449763.5448692,7963747796.624588,0.0001239578418536223,843.3476875434368,5704.02958699694,19.0,4.9
2020-11-24,2.26796698,25036626.13313538,104362814.63683279,171.1246857452808,1889086047.9612787,7874477016.513266,0.00011869533950789914,1310.3060429058114,5461.887154688122,25.0,5.250000000000001
2020-11-25,2.27003407,24870950.92877138,104457114.39952429,171.34444163767193,1877284247.0546136,7884527451.9905815,0.00012118403980926883,1327.716771866161,5576.363490330037,10.0,4.2700000000000005
2020-11-26,1.90303693,33038222.89347182,87568856.71760666,144.0313500470675,2500497899.6927185,6627648920.672865,0.00011096021793815458,1926.3569480750753,5105.870134627743,22.0,4.0600000000000005
2020-11-27,1.85794881,13307808.36500391,85493469.70235132,141.35051592627812,1012442091.0398185,6504240582.793552,0.0001085986195301725,777.8522258702632,4997.162859680715,5.0,3.1500000000000004
2020-11-28,1.88893452,11661882.95615155,86918647.19802547,143.70787156022698,887222061.0447773,6612666376.451485,0.00010661456644808636,658.2158259982592,4905.831191687715,10.0,4.69
2020-11-29,1.9151547,6139511.34519798,88124520.17567424,145.63740674848208,466877433.46139014,6701404638.142018,0.00010535862725170245,337.75364847879507,4848.004431664969,17.0,6.0
2020-11-30,1.96689116,8716571.16727617,90995987.14086118,150.34896358130226,666293828.3695545,6955724157.449559,0.00010021948910937514,444.13759486820175,4636.540916814318,13.0,7.36
2020-12-01,1.97630826,12847022.37823892,91432079.46291865,150.18658175628084,976290195.1005099,6948243730.6639595,0.00010510601705648232,683.2432877714077,4862.632969787403,26.0,6.4
2020-12-02,2.11540134,15849828.20530223,97869064.60978007,158.9628913949307,1191043265.4012442,7354419794.63241,0.00011017089199288416,825.4649736168366,5097.057443751398,25.0,6.72
2020-12-03,2.10037052,18106121.72298748,97172886.1917887,156.52780259542752,1349338804.6717427,7241702453.26822,0.00010801375565396588,931.1262889119838,4997.2175315574805,14.0,5.92
2020-12-04,1.85595318,9019864.15038828,85864512.07327235,137.56696160793476,668570370.5549574,6364449363.893925,9.925007715996888e-05,482.3517223093279,4591.742690715592,18.0,6.24
2020-12-05,1.9787738,7750781.04480337,91545972.56905606,146.67067160357306,574503392.6028099,6785570578.762328,0.00010330739910502734,404.65111816781814,4779.41254561252,30.0,5.84
2020-12-06,1.85424895,7167229.51269223,85784205.38624497,137.17616914417727,530227123.9944392,6346261470.425739,9.58509876447521e-05,370.4928766270384,4434.410390574493,11.0,6.88
2020-12-07,1.83117262,6425070.48803734,84715589.08777982,135.10629642804201,474050053.19915575,6250426293.163876,9.541516261009896e-05,334.7850108186036,4414.194281924571,28.0,6.32
2020-12-08,1.66535169,11304051.0777088,77043677.15978801,122.19617946480346,829441530.2577977,5653126037.807567,9.089779583238534e-05,616.9947964207066,4205.1780886274055,21.0,4.24
2020-12-09,1.6623035,10461119.21820986,76902163.1339451,122.4216711003217,770417493.7205764,5663521325.730898,8.959313795698272e-05,563.8227299055312,4144.794323569633,12.0,5.04
2020-12-10,1.57415052,6167983.16893835,72823506.21677381,115.08992247844904,450956052.64069223,5324301315.923301,8.618402410481332e-05,337.69426961143813,3987.0538016805763,13.0,6.32
2020-12-11,1.44458505,8273918.34951755,66829092.5972278,105.67139640749582,605237127.267185,4888548123.4870205,7.999295539836356e-05,458.16283472036434,3700.617435742639,3.0,4.64
2020-12-12,1.4909121,7085230.83583667,68971785.3475111,109.0602201149957,518284635.641432,5045286098.170238,7.928841236954664e-05,376.8006874753015,3667.998508092673,4.0,5.04
2020-12-13,1.56545586,8389349.11124252,72419789.50182986,114.368588928555,612906466.6708865,5290822531.289552,8.177957248843055e-05,438.2604462406293,3783.2171295853577,16.0,5.8100000000000005
2020-12-14,1.5916455,8672051.95648215,74028444.08998717,117.50798964922072,640240173.7948612,5465371304.020982,8.269729890414518e-05,450.57474968985326,3846.303946650475,6.0,5.6000000000000005
2020-12-15,1.76067126,19470079.53119814,81994577.6015241,129.11882685211592,1427838282.4205916,6013072348.408511,9.067643639906891e-05,1002.7297363253953,4222.807669929888,13.0,6.370000000000001
2020-12-16,1.78359783,18277631.04446976,83062058.57573813,130.88558119912545,1341265571.173409,6095334738.258393,8.369534346591483e-05,857.6779934802702,3897.687810868406,18.0,4.760000000000001
2020-12-17,1.67863414,15461476.78402026,78173905.05369893,122.7499536240515,1130618943.6834853,5716458989.659622,7.360764099737344e-05,677.9814643871042,3427.9040330702605,16.0,5.11
2020-12-18,1.69879993,7879396.90612472,79113024.8625208,124.74033066004858,578572295.7215811,5809150746.1196375,7.342046959902666e-05,340.53981919153637,3419.187471243743,27.0,6.790000000000001
2020-12-19,1.66865052,9095045.00474692,77708968.04744972,122.5265047078628,667835512.1312925,5706052960.274156,6.990625331980525e-05,381.02677129592576,3255.530586204278,18.0,5.460000000000001
2020-12-20,1.56357617,9093229.49751807,72815661.41874595,114.82724988436516,667796398.9227258,5347499091.921865,6.659950206669152e-05,387.3201500076936,3101.535368849527,12.0,4.340000000000001
2020-12-21,1.5419152,8333991.44150289,71806910.82416688,115.45603980339556,624035386.3761868,5376781780.394854,6.761872101248285e-05,365.47654644263423,3149.0003275067106,7.0,4.69
2020-12-22,1.49028596,11066564.74357854,69402539.96365425,113.12790528081067,840065142.9981343,5268360689.149856,6.266174048522022e-05,465.3135214566513,2918.154008655915,20.0,4.41
2020-12-23,1.20569231,16776307.03794223,56149028.28607881,90.49323632706025,1259145724.7328966,4214265318.012122,5.18770457132624e-05,721.8303043726428,2415.9113257943677,23.0,3.22
2020-12-24,1.3624084,9236938.50803516,63447288.3597502,100.90677814599398,684133850.5975833,4699223412.364618,5.7398520625203994e-05,389.15394639903656,2673.046121508343,12.0,4.0600000000000005
2020-12-25,1.44540315,9359548.53228497,67312349.7325568,107.04655728902073,693168164.301159,4985152621.194122,5.860188284336143e-05,379.47002298681804,2729.086644745907,19.0,4.69
2020-12-26,1.3242381,6798656.31848622,61669699.53591306,98.073073686019,503508486.947187,4567257947.630606,5.009026066344518e-05,257.16407582152584,2332.7008374024495,14.0,5.390000000000001
2020-12-27,1.30304194,12286531.39847335,60682595.60513945,96.42462534359605,909198814.3298918,4490489804.267175,4.959756890187587e-05,467.6611465021942,2309.7562129662333,8.0,7.199999999999999
2020-12-28,1.5156849,12668149.81727901,70585367.3110688,112.1083914709163,937006035.309669,5220881985.845291,5.5960703371572235e-05,467.7216050588006,2606.0870583774986,6.0,8.28
2020-12-29,1.67434488,26355258.83179235,77974154.25075531,123.99595417121255,1951775590.150441,5774485156.85473,6.11913663643756e-05,963.1912266510776,2849.6787589605215,25.0,9.0
2020-12-30,1.53545722,12663615.73809283,71506163.4013444,114.20285826854841,941883039.4407045,5318421208.929154,5.323878159147032e-05,439.0845043788523,2479.327307971604,16.0,7.6499999999999995
2020-12-31,1.51089796,12763259.56854011,70362439.69813043,111.72516272974845,943794544.7071506,5203035038.405726,5.209684009307103e-05,440.08629994350696,2426.1471433265115,19.0,7.02
2021-01-01,1.84208404,25722549.3360078,85785758.3765321,136.21290433784392,1902053910.65171,6343427903.154711,6.271105449976354e-05,875.6865366920183,2920.4505614490045,10.0,5.76
2021-01-02,1.79927479,31671063.53777906,83792133.53884292,133.0473743465929,2341916793.301828,6196009314.531737,5.600459999909604e-05,985.8000872558615,2608.131313791007,17.0,6.93
2021-01-03,2.16175192,55073422.17629275,100672674.81180388,160.20491202669587,4081427046.801032,7460734445.290651,6.594320989096892e-05,1679.9884410349985,3070.9718649862666,23.0,7.02
2021-01-04,2.48509738,59955404.84149402,115730856.18599205,185.16559982270834,4467301196.900602,8623152386.758709,7.772751475525717e-05,1875.2523148507942,3619.7663335974557,31.0,7.02
2021-01-05,2.15721704,50555207.03513643,100461485.67073816,160.1712080029981,3753673567.1527376,7459164849.568412,6.34616907838979e-05,1487.2490143039888,2955.4076484243683,34.0,7.38
2021-01-06,1.92921661,50263975.12932488,89843517.7485024,143.00607504119915,3725892552.4247904,6659785518.385953,5.2389678434512714e-05,1364.9651782055075,2439.7846150979785,18.0,9.0
2021-01-07,2.37274497,159870278.0790676,621424746.010265,177.0789062091457,11931182801.155935,46377177364.6596,6.026624717524977e-05,4060.605676761377,15783.80222796192,14.0,6.66
2021-01-08,3.21988746,206412154.2447589,843292264.8894571,238.54085463172228,15291755470.211271,62474126835.181946,7.892343211234523e-05,5059.417711046076,20670.138520577028,19.0,8.73
2021-01-09,3.38538175,91906875.463772,886634795.6661285,250.8012674143697,6808792199.109792,65685097548.229454,8.409936378627035e-05,2283.1427368825407,22025.705735044863,16.0,7.92
2021-01-10,3.46611077,62766977.35528041,907777180.2929407,257.16453928271034,4656931611.490016,67351598327.9992,9.036581118020961e-05,1636.4130290157352,23666.878155788134,12.0,4.8
2021-01-11,3.10808978,82877500.0255444,814011024.9712354,232.05961805319996,6187891072.15941,60776586558.551315,8.738774275546574e-05,2330.2022029905393,22886.91482081297,11.0,5.44
2021-01-12,3.61339822,73484689.24275579,946351027.8924447,265.4951568940851,5399302239.048131,69533331044.58752,0.00010651777315600455,2166.2227583649355,27897.064751141424,28.0,3.92
2021-01-13,3.51378151,57994892.73472413,920261107.1923414,259.6118817066542,4284888855.32251,67992479617.67912,9.416195916483864e-05,1554.1412310113415,24661.06345822124,25.0,5.44
2021-01-14,3.27816427,59283112.21846475,858551672.4562432,240.39335879830085,4347331400.26974,62959053679.04426,8.365368161539299e-05,1512.8133266772088,21908.910702030724,18.0,6.5600000000000005
2021-01-15,3.25016139,45331738.74819012,851217713.3260541,238.8946593021094,3331991548.832321,62566544000.742165,8.82587671531505e-05,1230.9922169200227,23114.983209212704,16.0,5.68
2021-01-16,3.44705468,68035606.39281899,902784093.5852139,253.36678846410817,5000780287.290567,66356796657.53562,9.528004437781098e-05,1880.5723140948473,24953.85669379084,11.0,5.68
2021-01-17,3.8181391,85407766.18917261,999971153.1283689,281.013128690449,6285968887.639988,73597376884.67113,0.0001066779204809912,2386.27316903872,27938.9619819543,8.0,5.5200000000000005
2021-01-18,3.79551495,70601712.76708774,994045884.346998,280.7364019313046,5222076865.332769,73524902049.50923,0.00010361744766412908,1927.424703633848,27137.42371033685,28.0,5.84
2021-01-19,3.64186566,44547767.96672326,953805116.1144048,268.7915369019419,3287892562.551756,70396540399.93503,0.00010096715297716713,1235.0431682555509,26443.311220087056,9.0,4.48
2021-01-20,3.72357809,46698656.44529995,975205611.5935848,273.63979610915015,3431809544.3147073,71666300067.03246,0.00010474862676947662,1313.6880753922198,27433.67969283426,14.0,5.28
2021-01-21,2.9905359,43834764.53989141,783221762.9250783,221.25868625809923,3243172039.67673,57947680318.28519,9.701437582720011e-05,1422.0201541034332,25408.07835293192,11.0,3.84
2021-01-22,3.34622852,63361382.17557853,876377707.1253955,251.8528856892429,4768875421.030245,65960305213.48047,0.00010138315732941085,1919.7066008258175,26552.262772980706,12.0,4.64
2021-01-23,3.50411155,27904470.4262182,917727296.3438644,263.73590457728386,2100221595.2881758,69072469641.13176,0.00010927250134603059,870.1752894279861,28618.483114506995,10.0,3.36
2021-01-24,3.63441116,32747555.29721828,951852779.9072751,273.6038474189342,2465284396.409134,71656885061.68863,0.00011255748408103929,1014.1897192665457,29478.820476081222,5.0,5.44
2021-01-25,3.69998081,80055958.4917865,969025482.0935649,278.67256466095074,6029598642.512083,72984382942.46935,0.00011431551252600608,2473.428484011311,29939.24842444953,0.0,3.2
2021-01-26,4.04734996,78823455.81544667,1060001508.1579953,303.9733856008618,5919980472.60071,79610671269.15938,0.0001242667686549413,2420.135704894938,32545.483709088126,0.0,6.0
2021-01-27,3.69058715,35195110.46414343,966565279.876813,280.0557771732313,2670738723.4395523,73346646385.13217,0.0001212710569523551,1156.4957206176712,31760.90641948668,10.0,6.16
2021-01-28,3.82207194,31410526.72,1001001163.69,291.27475164668726,2393752266.5938187,76284897283.1866,0.00011420728306909316,938.5775497622775,29910.903051718986,20.0,4.48
2021-01-29,3.83467598,44053151.39,1004302164.53,291.26281406088515,3346057113.827279,76281770906.87225,0.00011174474478708646,1283.7351016923294,29265.963969274755,21.0,4.8
2021-01-30,4.22427558,53378197.61,1106338354.04,320.8548516788836,4054340999.467343,84031929681.10391,0.0001232662549684381,1557.5997331949477,32283.449090330603,24.0,7.12
2021-01-31,4.26414404,78376266.82,1116779908.67,323.48649516248366,5945780353.498907,84721157431.52452,0.00012877024741082832,2366.836386124633,33724.94545068842,35.0,5.2
2021-02-01,4.61160184,39361628.64,1207779152.91,351.3542549081934,2998930996.779247,92019727436.90771,0.00013750715705161516,1173.671500488393,36013.14324717636,22.0,5.300000000000001
2021-02-02,5.2675076,98755961.8,1379560961.34,401.53156933291183,7527969456.092496,105161172961.0548,0.00014833750281468958,2781.0520409073306,38849.61228832552,41.0,4.5
2021-02-03,5.71598986,49386326.92,1497018527.39,433.9573785722321,3749405001.1338644,113653496897.60081,0.00015253992622736305,1317.949620193559,39950.22757599264,21.0,6.0
2021-02-04,6.42606479,108249481.51,1682987249.18,485.3323989035578,8175607040.730542,127108621786.65169,0.00017402517390024947,2931.5195940297376,45577.2168942685,0.0,4.3
2021-02-05,6.6817203,92892157.08,1749943462.85,498.78641136285916,6934343790.728295,130632229535.68503,0.00017516952986081888,2435.2823453955316,45876.92389195756,0.0,6.6000000000000005
2021-02-06,6.11080668,102365493.54,1600421106.69,456.1680521780277,7641522673.465476,119470475361.75386,0.00015562585976074833,2606.974623192601,40758.43399252807,0.0,3.9000000000000004
2021-02-07,6.70046276,105451102.52,1754852114.11,500.085654358792,7870289783.77163,130972501336.2523,0.00017223316254669002,2710.585452318048,45107.888848995,1.0,5.9399999999999995
2021-02-08,7.8832496,155254260.78,2064624150.36,586.181097106671,11544365272.22297,153520909647.58408,0.00017064616997259518,3360.7390756767995,44692.25529683311,21.0,3.8699999999999997
2021-02-09,7.81679279,121037872.69,2047219103.37,577.7524436566807,8946114934.902056,151313444202.5623,0.0001681714089733658,2604.0231762899493,44044.115066138715,50.0,5.58
2021-02-10,9.07221406,120679901.64,2376014106.0,670.4538562407736,8918474023.009909,175591956860.217,0.00020197196664599245,2686.6602692216156,52896.485752391905,45.0,5.04
2021-02-11,9.21535212,53600047.53,2413501984.01,678.9346166947656,3948945981.7409306,177813069220.6133,0.00019234983854240096,1118.7809596428658,50376.44909287394,61.0,4.95
2021-02-12,9.24701198,91484663.66,2421793705.08,681.0590769486978,6738010150.954911,178369465607.84616,0.0001946540563684318,1925.7962372533516,50979.92404475674,34.0,5.58
2021-02-13,8.73245491,91417967.69,2287031137.29,643.1610225404643,6733097872.711664,168443959917.4887,0.00018538072350216336,1940.7061549281557,48551.236882687284,42.0,5.67
2021-02-14,8.73889575,93500422.71,2288717994.71,643.2552600349544,6882407164.966948,168468640770.07217,0.00017937975844168862,1919.2451448932295,46979.58332232374,56.0,5.85
2021-02-15,8.8617388,109854634.59,2320890605.34,650.1591905394631,8059704975.962834,170276781041.94397,0.0001848311251562171,2291.2609108829506,48407.29699113745,46.0,4.14
2021-02-16,8.29786719,71625204.52,2173212553.93,610.5247061581481,5269903210.283878,159896504189.2062,0.00016865627822574365,1455.800646708219,44171.102374476184,32.0,4.77
2021-02-17,8.22257719,89948577.67,2153494092.55,606.4216458243666,6633779562.025889,158821912120.86655,0.00015767466301910878,1724.8377662436249,41295.015846055285,13.0,4.14
2021-02-18,8.98045215,77306770.4,2351981649.26,663.3393019693824,5710249134.242457,173728654126.27643,0.00017377104254276578,1495.8799249347626,45510.65986508975,52.0,4.77
2021-02-19,11.46565287,261175710.73,3002856056.82,848.8596102305727,19336143743.898346,222316448166.70087,0.00020515361874841404,4673.187195963704,53729.76084502864,46.0,6.029999999999999
2021-02-20,10.00266398,140264809.98,2619699067.57,740.5472277594071,10384505206.8708,193949420467.573,0.00017830212965184227,2500.2853624445133,46697.352198236746,51.0,5.3999999999999995
2021-02-21,11.08551283,137742366.13,2903297329.61,820.9373976586008,10200507755.679571,215003616968.36343,0.00019265769347954822,2393.856464737071,50457.076328871495,50.0,6.2700000000000005
2021-02-22,14.45478487,574136240.77,3785710139.32,1073.549644902525,42640811533.869896,281162799192.24243,0.0002666574388700725,10591.489316728897,69837.61980094669,66.0,8.14
2021-02-23,15.20153822,485252846.29,3981284942.91,1126.5236711773216,35960098901.87648,295036703850.748,0.0003113510837671196,9938.731028857093,81542.89150356414,126.0,11.0
2021-02-24,17.30270709,375439706.61,4531581356.7,1272.1642360847932,27603828988.785683,333179987669.91473,0.00034810564451645206,7553.308298334127,91168.91597641856,120.0,8.8
2021-02-25,13.81601413,364505275.74,3618415994.75,1032.6254752932236,27243561715.140274,270444753546.82642,0.00029337192105272547,7739.9756522757125,76834.14634345891,58.0,6.6
2021-02-26,13.58794089,289687328.45,3558683580.88,1013.4090134875628,21605315486.794266,265411959487.409,0.0002932242390917435,6251.377390211124,76795.46839505121,47.0,5.94
2021-02-27,13.20116764,247640939.78,3457387613.23,984.5628843426869,18469432750.202576,257857154276.1203,0.0002858110041683588,5361.533737156442,74853.94114247547,11.0,6.82
2021-02-28,13.08924694,300493226.01,3428075566.66,975.4850027126264,22394461402.79562,255479655840.4924,0.0002899843480143815,6657.245648025648,75946.9404694363,0.0,4.800000000000001
2021-03-01,14.95558764,306451693.03,3916870452.47,1111.0236857181383,22765744662.157192,290977255547.2579,0.00030133414411847665,6174.572397668299,78919.45364027152,0.0,8.700000000000001
2021-03-02,13.95892139,178549851.5,3655843423.75,1030.402908461009,13179978678.200813,269862662842.1792,0.00028853272776849063,3690.6487440254814,75566.76091784234,11.0,9.600000000000001
2021-03-03,14.11559058,153830742.14,3696875106.78,1045.2608940083428,11391181838.544317,273753971344.64432,0.0002793051286773603,3043.8482176454945,73150.05146623615,37.0,6.1000000000000005
2021-03-04,13.09798332,116364465.82,3430363626.99,977.0493049487833,8680253873.629719,255889346900.7843,0.00026972135056414596,2396.2452930231548,70640.05868636767,46.0,7.5
2021-03-05,12.61044281,90978408.01,3302676699.19,937.52463175391,6763798841.345542,245537829468.99734,0.0002577383513100839,1859.4608641909804,67501.70951050533,1.0,6.800000000000001
2021-03-06,13.03645795,118851546.1,3414250123.37,969.1967699387301,8836030079.960796,253832766847.00342,0.0002665267461685649,2429.886705470959,69803.39134123678,0.0,6.6000000000000005
2021-03-07,13.87773227,117548176.21,3634579982.53,1031.6088610435154,8738008330.06995,270178502020.44098,0.00027101403097280156,2295.562736646834,70978.61183616206,7.0,8.28
2021-03-08,13.60218776,115525658.69,3562414837.47,1013.4772464972045,8607631987.93817,265429829676.15512,0.00026034628064438865,2211.1645633492267,68184.72656105277,16.0,5.04
2021-03-09,14.84631098,134867043.68,3948141942.62,1099.7226702707162,9990114420.147148,292453876629.3497,0.0002707989033417314,2459.9947808371576,72014.69171293009,49.0,4.41
2021-03-10,14.23108356,103150900.84,3792593486.06,1046.8171600482322,7587625539.438938,278977487944.3371,0.00025408770111284,1841.699203834491,67714.54584365585,75.0,6.029999999999999
2021-03-11,15.99227934,229272515.6,4270242447.66,1172.763420068278,16813264313.748138,313150116438.5287,0.00027665851233767884,3966.3009716920856,73873.07948879438,47.0,6.84
2021-03-12,14.552142,185287456.96,3887447694.38,1066.089922920285,13574159096.89323,284794418090.355,0.00025382193921382807,3231.8281142106716,67805.79191570949,59.0,6.75
2021-03-13,15.30880274,145102757.4,4089578510.15,1121.5228887327,10630228007.126842,299602521653.6691,0.0002499678583894265,2369.292107926038,66776.16788585107,40.0,5.58
2021-03-14,14.50826599,90232803.5,3875721099.27,1063.8440947399474,6616478855.672335,284194059245.9049,0.00024464922669925843,1521.5729856618889,65355.30645026486,38.0,6.66
2021-03-15,14.18666194,102600691.55,3791467510.82,1032.3676453724765,7466283104.301649,275906228202.64996,0.0002537537541247354,1835.1963814122234,67817.15942633794,27.0,5.9399999999999995
2021-03-16,13.62277289,112303590.08,3640763691.35,993.1055927904885,8186976638.270772,265413129404.98038,0.0002398168572542121,1977.0052873098223,64092.421822999444,39.0,4.68
2021-03-17,14.22020281,94696338.79,3799767226.99,1047.8839010284062,6978154266.167797,280004087003.46594,0.0002415489557718058,1608.54258239216,64544.072832064245,25.0,5.9399999999999995
2021-03-18,14.23002516,79074262.62,3804064053.67,1058.005216650763,5879187240.648029,282832923203.10333,0.00024594349473758254,1366.6736547470862,65747.23495184703,0.0,5.13
2021-03-19,14.20479642,68715211.03,3797317088.79,1054.7260208999905,5102200620.272954,281956110086.58246,0.00024345520601549582,1177.706132708301,65082.00376993029,0.0,7.56
2021-03-20,14.21198148,68049682.97,3801139605.26,1055.2595216640746,5052784230.07867,282239937286.00305,0.00024371623593124025,1166.9599072516255,65184.39657037378,0.0,6.3
2021-03-21,14.33220593,64229338.03,3833292242.99,1064.4045918902737,4770096289.929919,284685685192.07166,0.00024915426941151514,1116.577159846174,66638.80863195227,0.0,7.5
2021-03-22,14.91929305,260995136.25,3990311752.96,1117.131793122814,19542880723.51362,298787892212.04047,0.00027360217884965114,4786.34193375279,73177.59536194826,0.0,9.4
2021-03-23,14.20483076,106780661.98,3801136715.71,1084.9919626273484,8156109845.290946,290338044505.7175,0.00025950136192946885,1950.7256143853035,69441.17612330169,0.0,6.6000000000000005
2021-03-24,13.66129764,118813690.26,3649871266.4,1047.1534915336003,9107200053.489994,279766647428.0055,0.0002588628752855753,2251.3566642409637,69160.06043789761,0.0,4.7
2021-03-25,13.02508469,116277942.87,3479892566.63,991.8875518215335,8854809533.232176,265001126723.31375,0.0002519155945094631,2248.9087636353356,67303.91591424332,0.0,6.6000000000000005
2021-03-26,14.77942113,149987319.22,3950586428.46,1123.4399618911893,11401106085.72113,300299086655.56464,0.0002680475368006533,2720.25075370826,71649.96191341315,0.0,8.3
2021-03-27,16.50832188,223872586.73,4425303443.32,1254.8602777214921,17017406033.170746,336384130879.7167,0.00029493097059214224,3999.6166644439354,79060.67310719995,20.0,7.300000000000001
2021-03-28,18.01623371,426120062.11,4829519370.48,1363.8685275614064,32258226165.86942,365605241288.0165,0.0003220016723746833,7615.985385206457,86317.33685810892,77.0,10.45
2021-03-29,18.85480803,216748600.52,5056832100.48,1427.1128778680109,16405614873.924603,382749598952.63116,0.0003264890523663129,3753.209530052124,87563.88915943085,65.0,10.45
2021-03-30,19.2339251,264028426.63,5158507265.85,1460.6050381694306,20050054689.862854,391731883261.5255,0.00032645414485725385,4481.309653925128,87554.46792360612,71.0,11.0
2021-03-31,19.46522941,206011017.73,5220539301.49,1473.7105721079758,15597073551.234589,395246508461.8287,0.0003303736430857151,3496.5223892142126,88605.61319762046,60.0,9.57
2021-04-01,19.08490113,173731885.57,5121089267.43,1456.1645967885297,13255621256.67402,390735526342.50793,0.0003229484760930344,2939.834338748861,86657.40333614779,34.0,2.64
2021-04-02,19.81022269,131061659.84,5312121531.63,1514.2102194885733,10017802819.200068,406036258967.43713,0.0003335935294961268,2207.008087279931,89453.27867229658,45.0,3.85
2021-04-03,22.55227712,483057739.57,6047400068.45,1723.8013434892048,36922904770.231224,462237862152.11334,0.00039150615424548207,8385.852873803562,104982.49606391518,58.0,3.08
2021-04-04,24.06132316,426557980.35,6455269614.1,1839.4929678471412,32610442909.3626,493506653052.00446,0.0004094947983528555,7259.504100738929,109860.92956573694,106.0,4.08
2021-04-05,22.98428282,264085329.41,6166314086.86,1757.5874213905258,20194367463.182365,471532488539.4158,0.00038918232795459026,4471.635860180328,104411.37058821478,74.0,3.96
2021-04-06,24.95714641,320886934.82,6695596353.77,1925.2367012169086,24753763659.81186,516509685243.7833,0.000428873257148723,5514.245204635292,115059.7175502347,84.0,3.84
2021-04-07,26.47807994,676846221.32,7107155850.83,2043.9224248086168,52247790362.359795,548622681593.17303,0.00047241002190758993,12075.986588393489,126802.68579894831,71.0,4.32
2021-04-08,27.03398715,377988327.49,7256370566.76,2076.9401307737544,29039709236.084076,557485181532.6595,0.00046351431085746715,6480.841991844106,124414.92939668612,82.0,3.5999999999999996
2021-04-09,27.77827443,282477938.07,7456149619.5,2150.744009053294,21870967346.252827,577295366749.8425,0.00047692116059266476,4849.8227060739455,128013.55026733011,53.0,4.8
2021-04-10,26.84140371,270235257.75,7247692203.54,2077.7930611912047,20918911302.428555,561043853476.0597,0.0004489036849387289,4519.495489691817,121212.5778749297,0.0,4.4399999999999995
2021-04-11,27.9318899,232938762.18,7542139623.2,2162.5427798378205,18034584845.50013,583927533907.3959,0.00046394661868829354,3869.0955557163197,125274.37951338338,0.0,4.2
2021-04-12,28.51212449,308804545.9,7698811332.92,2204.671514064327,23878002707.166904,595302887506.5891,0.00047604744076179317,5155.898285407026,128541.7869590838,0.0,3.36
2021-04-13,27.43555345,258183912.26,7408116848.38,2083.8263089649263,19609971779.843216,562672403043.5253,0.00043203243325995623,4065.6669837386803,116656.90483381481,,5.04
2021-04-14,26.47511075,342565805.3,7148779204.5,2013.4030499161188,26051752670.684914,543656794845.2199,0.0004195094011769743,5428.101026739274,113275.44997054269,41.0,5.04
2021-04-15,27.81831384,221346738.91,7511469370.13,2117.1127747931037,16845593564.744783,571660376413.7177,0.00043937058273065617,3496.01511507058,118638.34354949146,53.0,4.32
2021-04-16,25.39736605,240665351.49,6857767811.72,1920.2669099376456,18196442494.270374,518508280699.5025,0.0004124771057883268,3908.6316057615586,111376.59761952412,70.0,3.48
2021-04-17,25.09987446,201720375.63,6777439470.22,1897.773898058497,15251855708.969524,512434743159.86383,0.000413617236849682,3324.1211830491575,111684.4544802703,81.0,4.2
2021-04-18,32.30291905,1155150688.03,8722397354.82,2454.6988186102512,87779900783.42656,662814974992.9746,0.0005746195521557405,20548.36499453117,155158.1160202017,113.0,5.76
2021-04-19,31.67589453,1219130981.38,8553088910.08,2417.0449700583536,93026399099.67,652647725827.9579,0.0005684398589621804,21877.91863165014,153489.4823296049,110.0,7.04
2021-04-20,31.77005352,793008154.45,8578513611.25,2441.78277343943,60949020734.69988,659327399133.2554,0.0005625703497207735,14042.244987076172,151904.60410547422,68.0,6.24
2021-04-21,32.5130438,729130140.56,8779134999.57,2490.7950237777923,55858003851.15743,672561631095.3455,0.0006031423347276577,13525.933099430807,162859.80522469396,104.0,7.04
2021-04-22,38.87975927,1638622970.85,10498268248.37,2936.996455134904,123782398529.47203,793044432615.8506,0.0007511215742491057,31656.70489156808,202816.9906825937,120.0,9.44
2021-04-23,36.97842065,1612232268.31,9984870962.27,2768.652008748777,120711215616.12932,747588257174.152,0.0007237380797056937,31554.454338390846,195422.9307070861,149.0,8.32
2021-04-24,40.73731561,1101380795.06,10993246510.76,3050.0883680833845,82462693025.8092,823087452078.2477,0.0008139182608078042,22005.228566957892,219641.47481707967,223.0,8.8
2021-04-25,47.3676269,1583800799.69,12782467830.77,3549.8815362922987,118695100091.33493,957959043135.0214,0.0009666023609340006,32319.6599116413,260844.04882409668,240.0,23.0
2021-04-26,43.97651543,1357487872.14,11867353941.86,3298.687217707336,101825436786.7943,890172592649.6935,0.0008140519611606405,25128.54085327315,219677.3131226371,,18.17
2021-04-27,43.2390029,904891996.11,11674627043.11,3234.8957346622233,67698861264.588135,873429049991.5479,0.0007856905888838415,16442.680857933025,212138.2081292239,211.0,14.030000000000001
2021-04-28,44.82598502,1021154320.38,12103108334.92,3334.9815639113117,75972247589.34444,900451895144.5349,0.0008176238268093806,18625.80605466922,220760.11823656745,199.0,13.57
2021-04-29,42.46054046,772259306.98,11470583798.14,3174.576446851088,57738224248.69464,857602017372.1298,0.0007928382866943485,14419.899963510456,214182.81320438167,184.0,12.88
2021-04-30,42.95600088,534976437.19,11604419645.43,3234.217444656451,40279124923.0474,873713001291.9335,0.0007438245708391606,9263.632802167755,200941.71444666138,214.0,11.96
2021-05-01,49.50802136,859524422.56,13490574630.96,3727.528239424326,64714797108.73436,1015724250769.4677,0.0008561246803021113,14863.451442043992,233287.72945779472,168.0,16.79
2021-05-02,46.89098709,571072187.45,12784244033.41,3527.7261862477767,42963188342.32423,961790639243.341,0.0008280080343237165,10084.077745683888,225746.08532128716,182.0,13.4
2021-05-03,45.93368941,609194251.88,12523242921.18,3440.130174458811,45624628783.74849,937908241393.0796,0.0008030324396603294,10650.194935304797,218936.69863289403,147.0,13.8
2021-05-04,42.7295562,682976428.41,11649676283.04,3195.3461233248877,51073455399.992455,871170947219.0061,0.0008011761079509935,12805.758949955913,218430.59309225835,141.0,13.600000000000001
2021-05-05,44.92357516,503781974.7,12247847970.24,3362.021964326996,37702388069.98431,916613019890.4833,0.0007823135014400708,8773.02038375768,213287.94060975884,149.0,9.600000000000001
2021-05-06,43.45567555,391497017.92,11847643595.56,3225.441025321273,29058357208.995354,879375943943.968,0.0007705383248300855,6941.865534156925,210077.5867309395,183.0,9.200000000000001
2021-05-07,43.15501855,514344600.94,11765673243.42,3181.350854190925,37917041644.950455,867355313026.1725,0.0007524010770865377,8967.518604876173,205132.6941440387,128.0,12.600000000000001
2021-05-08,45.56153042,451056654.56,12421778450.87,3358.7568396471656,33251508665.449455,915722824668.9214,0.0007748062057827062,7670.538980825447,211241.17082702613,222.0,12.8
2021-05-09,44.33019564,510603311.56,12086070502.0,3262.9550812182297,37583314169.68132,889603679548.811,0.0007612645104477166,8768.38404153062,207549.1978122391,138.0,14.26
2021-05-10,42.9096342,499528075.74,11698772287.18,3188.6792818541476,37120680600.36288,869353316819.0077,0.0007681666616458498,8942.532871547319,209430.98259267016,166.0,13.34
2021-05-11,44.57746773,473731332.64,12153486129.98,3307.755091489204,35152001837.09326,901817839211.4056,0.0007861353207617045,8354.376147956578,214329.9115829959,97.0,12.42
2021-05-12,42.45731054,1151668075.96,11575451927.3,3168.99667578251,85960044522.45456,863987101673.2079,0.000863821960669949,23431.445910345574,235510.19723824988,142.0,16.560000000000002
2021-05-13,40.99785093,1016860656.29,11177548615.05,3035.1733989750364,75280736536.78474,827501867843.6377,0.0008246378012571178,20453.309545897588,224827.1288438331,195.0,17.25
2021-05-14,42.71786492,504167711.24,11646488803.58,3161.4851059308617,37312696057.29423,861939166619.4891,0.0008564035304110198,10107.504404393338,233487.65550332022,199.0,14.950000000000001
2021-05-15,43.46130814,500445721.9,11849179250.7,3216.506223478215,37037237209.22492,876939982575.1652,0.0009294511279071715,10702.38933393213,253403.16457712057,129.0,19.09
2021-05-16,47.20082674,1990976771.49,12868711981.4,3492.9178197521055,147334670262.38654,952300129077.9825,0.0010160316714326542,42857.20392279245,277008.26122536825,204.0,24.0
2021-05-17,46.86320579,1951921365.76,12776663874.1,3459.3293797240485,144086150609.1314,943142663192.8036,0.0010763868740933386,44833.094577041025,293463.3484190366,202.0,18.96
2021-05-18,55.91096029,2025388218.69,15243420387.39,4120.995603520363,149284074202.1072,1123537640441.533,0.001303000253662439,47201.5030510932,355246.6373038638,191.0,20.64
2021-05-19,35.10718335,2772224998.89,9571532158.07,2589.7410620237165,204497889825.56143,706060341244.5037,0.0009487802130875788,74920.05835249006,258672.99663355842,152.0,19.2
2021-05-20,44.74274669,2487748626.09,12198547360.64,3288.770852701004,182859475012.07736,896642025196.2765,0.001097100111377302,61000.03903810559,299110.5521689071,155.0,15.36
2021-05-21,38.81285182,1769762028.27,10581836075.92,2857.503064402927,130294481902.50157,779062284682.9719,0.0010404281907045205,47440.73724831793,283659.6654597814,128.0,14.399999999999999
2021-05-22,31.31558234,1078751750.8,8537799811.16,2305.5345923847185,79420508648.44238,628575020377.0631,0.0008342672587270465,28738.64059801859,227452.47930193043,115.0,13.44
2021-05-23,24.6887481,1925832341.42,6731076772.71,1818.2769200691796,141833700280.92975,495730342156.64954,0.0007100469859161195,55386.82819664939,193585.38371707618,223.0,8.5
2021-05-24,31.28357082,1346786022.77,8529072274.79,2298.525954070769,98953621558.365,626664203410.4669,0.000808236141325903,34795.2970106398,220355.42247175,246.0,9.350000000000001
2021-05-25,29.99707775,909470304.61,8178326112.58,2204.9292005981824,66850432846.2966,601146225239.9657,0.0007811286623945861,23682.750981555397,212964.9091217337,147.0,8.84
2021-05-26,35.53981588,1069991364.89,9689483978.48,2614.8064135559443,78723544680.44168,712894094232.9122,0.0009044545568489816,27230.263911086473,246588.16374969456,227.0,8.16
2021-05-27,33.58459127,649389057.89,9156416571.33,2467.6345604809558,47713990906.26873,672769538861.6366,0.0008737575451448907,16894.90827815335,238219.0094668762,143.0,7.99
2021-05-28,29.0392767,600255581.78,7917193696.93,2125.701189788537,43939248816.30941,579545704089.4689,0.0008134796597437479,16815.00925350802,221785.00178360028,138.0,8.33
2021-05-29,27.37642132,376859866.34,7463837084.79,2003.978679402723,27586481389.961304,546359592059.87756,0.0007908587802997422,10886.847873715302,215617.70343301405,87.0,8.16
2021-05-30,28.60265892,359661703.65,7798155350.85,2094.5641319136485,26337918659.774937,571056576896.0651,0.0008016860625277326,10080.733257968895,218569.62584101275,99.0,7.2
2021-05-31,32.81624582,534826504.42,8946936842.81,2409.8085057988355,39274128629.68292,657003991952.9258,0.0008790178777546807,14325.893993508085,239653.17297748136,114.0,5.44
2021-06-01,30.9852604,432053117.17,8447741686.96,2278.97829652371,31777679589.09409,621334780172.4601,0.0008446319791641734,11777.402376110018,230278.2900131676,129.0,9.76
2021-06-02,33.95631637,497567417.82,9257762745.02,2484.9266275883106,36412033392.810455,677484003456.858,0.000903690062255796,13241.917229380892,246379.73389798854,194.0,11.68
2021-06-03,39.47090699,960056106.14,10761246544.92,2891.2242015632687,70323629746.68402,788255928791.9167,0.0010066857751949256,24485.751636896133,274460.22010290023,183.0,11.52
2021-06-04,37.41507138,1056279506.22,10200748812.85,2726.204278017157,76964538685.28778,743265321349.4979,0.0010141123307289292,28629.801639949903,276484.9771022853,114.0,8.32
2021-06-05,39.58540119,1112426663.75,10792461951.31,2884.342755226983,81055633942.12086,786379789127.6056,0.0011134520462069367,31290.16525719828,303568.70164378465,126.0,13.6
2021-06-06,42.30837824,794387364.26,11534847407.96,3086.518886904368,57952861946.11344,841500569468.0211,0.0011797426975289022,22150.995405182588,321642.01424731786,159.0,19.0
2021-06-07,38.2623335,923157613.83,10431744177.47,2786.5500929718023,67231261121.21765,759717849084.8469,0.0011400931614722332,27507.096044955222,310832.0667102369,158.0,17.29
2021-06-08,41.51781354,1786996802.01,11319309882.19,3000.828678825269,129160733555.35016,818138211595.8612,0.0012403510381993241,53386.80314888219,338166.116347808,123.0,13.11
2021-06-09,42.03177788,1218831040.77,11459435796.76,3040.452716505071,88166580996.1653,828941207230.0947,0.0011254958133031098,32636.954768531123,306852.28326271236,226.0,17.48
2021-06-10,41.09867281,595246689.49,11205036430.93,2949.836691601018,42723533514.79527,804235887311.6963,0.0011197755338923049,16218.107154037121,305292.72100179456,143.0,14.63
2021-06-11,36.0460873,518666602.77,9827512516.02,2593.4799351474226,37317543402.69473,707079698015.0472,0.0009654926223027538,13892.458680508938,263229.42489808827,178.0,11.78
2021-06-12,36.44168945,549070417.12,9935368468.58,2621.943114237769,39505067441.36265,714839825945.7858,0.0010250101082243843,15443.925245210581,279456.11915718473,90.0,10.45
2021-06-13,38.77043536,452988674.4,10570271763.77,2795.282479716356,32659713343.49899,762098624705.9463,0.0009916254871963391,11586.021946242181,270354.2219791605,71.0,9.92
2021-06-14,38.71305293,477871462.95,10554627165.2,2788.4586181903137,34420555817.68711,760238184619.648,0.0009607123477186239,11858.972112288739,261926.14314114896,102.0,7.84
2021-06-15,41.15364704,605285143.4,11220024464.76,2973.1205382173735,43728462013.85868,810583935442.1246,0.0010248621807667515,15073.605783897974,279415.7885942309,153.0,9.76
2021-06-16,39.70361677,576016901.76,10824691940.44,2882.498458948664,41819057474.536064,785876964752.7083,0.0010353756827563452,15021.14773054099,282282.16269024234,117.0,8.64
2021-06-17,39.26459349,417775599.91,10704997763.63,2843.706771838782,30257063603.00527,775300899032.78,0.0010318259604157087,10978.636764065084,281314.37554596557,96.0,9.76
2021-06-18,36.64879726,424163368.82,9991833808.98,2668.017781008126,30878923584.73724,727401504559.9558,0.0010240742891352876,11852.36168379432,279200.9798438096,139.0,9.76
2021-06-19,35.35343464,264640750.32,9638669476.32,2573.715900417208,19265740766.988865,701691282408.0502,0.000992631525345453,7430.416714349166,270628.50560366886,109.0,10.24
2021-06-20,35.32201165,452587531.23,9630102393.55,2572.6080745037507,32963307662.065628,701389247629.2363,0.0009894593067218045,12678.126866587138,269763.64008933713,71.0,10.2
2021-06-21,26.65740024,760344541.01,7267805027.63,1949.295735149788,55599434216.81603,531450974840.4237,0.0008415461684568536,24003.279743458224,229436.98256501413,76.0,7.6499999999999995
2021-06-22,26.77185571,1258580061.1,7299009872.97,1951.5879656914444,91746710713.9867,532075922709.7781,0.0008236059767605531,38718.79752311805,224545.81486358898,98.0,9.299999999999999
2021-06-23,30.04888728,1111302686.63,8192451330.05,2183.52643331173,80753698766.14438,595311029859.3398,0.0008928858890155772,33021.738145274416,243434.11191525968,76.0,10.799999999999999
2021-06-24,31.18103477,641150364.16,8501117109.74,2255.3866069836895,46375688140.422134,614902802781.7272,0.0008995627100683081,18496.979442772106,245254.46324197718,124.0,11.1
2021-06-25,28.69886234,632052177.4,7824384002.14,2072.3735484341178,45641119782.239716,565006593178.6345,0.0009071073346403424,19977.766337999685,247311.41023284727,110.0,10.35
2021-06-26,29.7128554,560342710.32,8100836462.86,2145.595001289791,40462907454.9249,584969501819.6901,0.0009231528946521579,17409.36668877484,251686.03047800506,79.0,7.6499999999999995
2021-06-27,31.92939059,497353287.91,8705146914.45,2306.738823173882,35931288285.04755,628903338834.2582,0.0009214925858574039,14353.777472483474,251233.3681362984,117.0,8.450000000000001
2021-06-28,32.92778164,473612134.61,8977345683.28,2378.3407400760493,34208530870.75273,648424701357.7646,0.0009562485042754316,13754.066407478365,260709.13236291744,95.0,6.63
2021-06-29,33.86680149,471854279.1,9233357637.53,2464.060422727643,34330890526.17804,671795094976.5845,0.000944212427648821,13155.3809265705,257427.6473335181,97.0,7.28
2021-06-30,35.55640607,570984167.9,9694007086.14,2598.799941453579,41732947339.732086,708530130922.515,0.0010147133705011857,16294.82092121421,276648.84309944254,69.0,7.28
2021-07-01,33.40403357,474665320.76,9107189782.04,2455.2766036708645,34889039797.95498,669400297128.0444,0.000994993342860598,14138.676793426248,271272.42541858874,94.0,7.930000000000001
2021-07-02,34.02048201,440298779.57,9275256700.08,2490.1632012036553,32228109469.40177,678911689418.9725,0.0010036414208761445,12989.295466412681,273630.215195745,212.0,9.75
2021-07-03,34.47881569,327019963.78,9400215615.43,2523.7113932449306,23936553268.837944,688058182186.93,0.0009945272380711364,9432.756168204873,271145.34783740324,73.0,10.01
2021-07-04,34.31060133,303420519.91,9354354086.58,2513.2481163616617,22225522741.349277,685205501406.3842,0.0009723083049532473,8598.458784334141,265087.6351124296,105.0,11.760000000000002
2021-07-05,32.98458751,313839322.49,8992833088.02,2423.189632211429,23055986139.207207,660652187828.3739,0.000977436884646298,9300.044439274254,266485.87783714314,83.0,8.680000000000001
2021-07-06,34.26913971,365336040.07,9343050096.63,2554.209205316359,27229883343.360424,696373027291.9724,0.0010009915603043317,10671.359009294347,272907.7640515768,90.0,8.82
2021-07-07,36.59137132,519252659.09,9976177348.95,2734.6268625030793,38805932074.96296,745561633231.8815,0.0010808157735619536,15337.399068772034,294670.83221074083,113.0,12.32
2021-07-08,33.20372567,498201256.92,9052578353.24,2481.868921537722,37238899890.62117,676650358396.1062,0.0010099263723189007,15153.317223691309,275343.72820940975,123.0,10.920000000000002
2021-07-09,33.26464805,327170629.42,9069188074.96,2475.4253757538117,24346762275.9837,674893606705.0872,0.000984219125500471,9680.174288727854,268334.9705885865,133.0,9.520000000000001
2021-07-10,31.78864522,296566656.79,8666774458.41,2365.5870015562396,22069333988.352165,644947554774.5383,0.0009483338941260809,8847.316724421691,258551.3133628414,74.0,10.22
2021-07-11,32.17784263,211679809.75,8772884240.23,2390.3986132381983,15725079194.873472,651712128842.1516,0.0009397683085056971,6182.203668561023,256216.01416717583,75.0,9.23
2021-07-12,30.84808787,221058993.41,8410343322.64,2295.1563488958013,16447209121.797556,625745522856.9602,0.0009303965848876445,6667.2700555739275,253660.93153302668,118.0,9.1
2021-07-13,29.1211904,197825361.82,7939526439.05,2165.731281571592,14712193028.406986,590459405461.5052,0.0008905011104842607,6049.330469082083,242783.9320295496,98.0,10.790000000000001
2021-07-14,31.2809995,331866434.17,8528371236.2,2319.8833816179945,24612110797.412506,632487037478.751,0.0009530396423137026,10110.989826821255,259834.27647401474,92.0,8.71
2021-07-15,28.45210132,329918375.91,7757107711.86,2116.941610982511,24547147865.690544,577157515060.8162,0.0008952626352469385,10381.081921213146,244082.10184224567,112.0,5.720000000000001
2021-07-16,26.37000949,374718328.01,7189451552.23,1953.3637269735023,27757335091.00428,532560061621.70795,0.000839233557218145,11925.524542944257,228806.4781665536,79.0,8.97
2021-07-17,26.72166752,289689475.47,7285326694.55,1979.4128658773564,21458805833.333744,539662031964.0899,0.0008474173180839154,9186.847272767938,231037.67772875563,62.0,6.890000000000001
2021-07-18,26.75191045,230336396.49,7293572047.71,1982.1560528824161,17066544961.531061,540409927303.0564,0.0008413394404560288,7244.009555943868,229380.6207603414,80.0,9.24
2021-07-19,24.44757672,361915410.33,6665324427.36,1826.109298342324,27033235383.052338,497865741569.10236,0.0007932932139010808,11743.701320963237,216281.42114994026,88.0,8.16
2021-07-20,23.48955525,413439963.38,6404131917.0,1747.2071454724162,30752615388.12618,476354061489.9621,0.0007880458036026043,13870.404301640552,214850.7806638592,85.0,12.0
2021-07-21,26.62308016,555770206.31,7258448090.07,1969.5248863846864,41114823899.42578,536966198652.0593,0.0008291032504725845,17307.947908287402,226044.57743793834,103.0,9.24
2021-07-22,27.70208136,364666998.0,7552624200.1,2041.369145625903,26872347549.311466,556553632567.6165,0.0008573017116204364,11285.420669087453,233732.533300583,104.0,8.76
2021-07-23,28.51387887,407955236.65,7773950586.67,2106.2689071449627,30134919011.90994,574247736726.2648,0.0008490935752902913,12148.195341111279,231494.68817834283,102.0,6.4799999999999995
2021-07-24,28.70262049,353750758.31,7825408614.85,2120.210910879447,26130931764.9951,578048848643.4707,0.0008369954295059216,10315.70507622748,228196.2807865462,88.0,7.199999999999999
2021-07-25,28.16877357,309208018.29,7679861962.98,2076.3766373917742,22792341444.19176,566097985015.1638,0.0007968493516341146,8746.998099940918,217250.95736356944,97.0,7.28
2021-07-26,28.30664179,743673802.34,7717450000.29,2086.6297608776053,54820063074.23774,568893370261.2131,0.0007581283303425437,19917.593272639322,206694.1577396462,94.0,7.41
2021-07-27,28.06532582,375599550.33,7651658236.06,2069.652193802299,27698250799.48569,564264650125.7333,0.0007121924493354657,9531.304408666301,194170.3173363501,115.0,7.28
2021-07-28,27.81541072,315682626.11,7583522025.52,2043.7011426186966,23194370566.02549,557189422246.6213,0.0006954564398189343,7892.873395872415,189607.4547396298,128.0,9.1
2021-07-29,31.28113829,448009570.77,8528409074.04,2289.3883085985453,32788700460.717487,624172939106.0763,0.0007818638583610304,11197.881878131016,213165.35103333468,129.0,9.620000000000001
2021-07-30,32.39394324,617830199.25,8831801353.86,2369.597511639589,45193908377.00905,646040969953.9194,0.0007669829088850289,14628.20379436406,209108.24726993873,159.0,11.83
2021-07-31,36.82731292,587168180.52,10040503857.97,2693.895843709717,42951000104.12122,734456832908.046,0.0008847148369367704,14105.737288291193,241206.37725493178,145.0,9.49
2021-08-01,34.25436021,490639931.31,9339020650.69,2504.706222043231,35875984289.330284,682876661194.936,0.0008568967931216055,12273.701249693951,233622.13736914255,156.0,1.54
2021-08-02,33.22241921,407399691.38,9057674911.36,2424.92098934821,29736307173.680534,661124220617.8143,0.0008474686409011656,10392.333579772529,231051.67020902346,144.0,1.8200000000000003
2021-08-03,33.9964386,474629269.4,9268701566.69,2480.8731086149282,34635833619.81953,676378862478.2091,0.0008910558687125348,12440.161775110546,242935.17987334682,158.0,1.8200000000000003
2021-08-04,35.76362676,413657601.83,9750503201.21,2618.38028779248,30285320831.571682,713868466121.5757,0.0008997703565274757,10407.133772438454,245311.07542726782,161.0,1.4000000000000001
2021-08-05,37.35513717,595137193.11,10184408504.33,2732.748679294831,43537796985.4363,745049570101.9227,0.000914008918979979,14561.87137109769,249193.04044127458,294.0,1.9600000000000002
2021-08-06,39.44610368,589190671.39,10754484235.02,2882.125620767941,43049157486.0299,785775315183.07,0.0009212827912295009,13760.83251993731,251176.17026637826,198.0,1.8200000000000003
2021-08-07,39.40347201,534979916.29,10742861246.16,2879.010742062559,39088254085.72514,784926082664.3131,0.0008843623371688156,12006.964487508412,241110.27264610716,137.0,1.6800000000000002
2021-08-08,37.67382443,358570314.83,10271294579.9,2770.469003080432,26368651383.060726,755333542204.9954,0.0008601699439919044,8186.888702992254,234514.5208162487,183.0,1.3499999999999999
2021-08-09,38.76778341,377034585.33,10569548742.83,2855.4333335068354,27770406975.563766,778497998743.3862,0.0008361360597820876,8131.809065412839,227961.9844663333,184.0,1.65
2021-08-10,40.63979678,452480699.44,11079929651.03,3005.3129718801415,33460947723.578445,819360797693.4346,0.0008915162739056004,9926.080815873329,243060.70355360783,209.0,1.95
2021-08-11,41.74411545,507980107.35,11872222934.38,3065.5417342437313,37304281153.405914,871854499520.5416,0.0009155689077625697,11141.469570929725,260392.1071884642,262.0,2.6999999999999997
2021-08-12,41.09936341,527833803.7,11689996880.35,3023.8486734638936,38834897056.80689,860080999474.6194,0.0009250719491637954,11880.579286648837,263120.5766363003,199.0,2.25
2021-08-13,44.89450053,541894525.01,12769451326.05,3291.413369655691,39728671964.38178,936184662298.2924,0.0009393467418131717,11338.289778597516,267180.6648088563,244.0,2.25
2021-08-14,44.11285246,363834257.49,12629306462.57,3234.107310392499,26674290287.31723,925910025719.1772,0.000936639347625693,7725.219807273193,268155.5307898698,159.0,2.1
2021-08-15,53.74515986,1448656563.85,15386975520.95,3936.4083729806766,106102648915.11955,1126974399802.5627,0.0011423715576212553,30791.68542087168,327055.3709159212,402.0,7.4
2021-08-16,62.43246289,3799339365.34,17874089307.34,4577.0674491309555,278538307353.64056,1310390597526.6194,0.001357095164535034,82586.2835207224,388529.2850323187,988.0,16.65
2021-08-17,64.21070516,4043742154.18,18392377588.0,4727.8791684257485,297743565431.8655,1354243636469.1343,0.0014366303030182706,90473.42653863743,411505.3233200607,661.0,13.69
2021-08-18,72.54331343,4507409621.92,20779131388.78,5359.391181236558,333000661752.91125,1535131058305.497,0.0016192274247008932,100609.15236820812,463807.5904630723,658.0,14.06
2021-08-19,72.75760565,2467398203.42,20840771192.88,5406.624951612598,183352607235.97864,1548679791420.1848,0.001557392476327117,52815.19868307201,446101.2696429521,492.0,9.62
2021-08-20,78.72461856,1844455899.05,22561143908.43,5847.578069556181,137004155279.94028,1675816952259.823,0.0015955803254833066,37383.19216501268,457266.32912489097,595.0,10.36
2021-08-21,73.75620815,1513097170.74,21137257123.5,5478.5300095528455,112391193435.67548,1570052208150.6897,0.0015081375785604356,30939.208514700054,432206.2179608485,517.0,9.25
2021-08-22,72.8039136,968933848.51,20875322466.34,5404.241786920748,71924056468.30063,1549577274209.0627,0.0014761044616845684,19645.201832430208,423248.6292010074,371.0,9.0
2021-08-23,75.70803566,1372134245.41,21708006369.5,5611.138916957735,101696415665.66684,1608899746078.392,0.0015280307180948014,27694.06520798259,438137.1181014421,383.0,10.08
2021-08-24,70.67090268,2153611667.43,20541377499.51,5215.265269622873,158929003415.44476,1515881764642.0818,0.0014813802677857296,45143.30095725226,430581.6134640023,394.0,9.36
2021-08-25,71.95156795,1551240766.49,20923790993.99,5312.112310179116,114526554549.1593,1544782565294.8708,0.001469575387710677,31683.32971466746,427358.1401831012,337.0,8.64
2021-08-26,75.3162099,2713050537.96,21902216867.74,5596.182686094706,201586437596.7713,1627389468815.2385,0.0016044450671624068,57795.533768517955,466578.2287773711,372.0,8.28
2021-08-27,88.08698571,3263988285.78,25615973857.46,6452.24838147835,239082572349.81622,1876334222695.79,0.0017955437070414995,66532.34390019691,522149.78511042835,597.0,12.6
2021-08-28,96.7031728,2580080502.92,28135310599.42,7083.372023159007,188987284726.21066,2060872111972.9453,0.0019774728528049925,52759.79065472557,575335.9616303055,733.0,15.479999999999999
2021-08-29,94.46967029,1830344091.1,27485451270.32,6937.493601351468,134413514742.8566,2018427096577.7556,0.0019346711888994805,37484.136103716424,562882.3570925235,654.0,31.54
2021-08-30,110.54480616,5274104165.4,32162385737.82,8119.681829658869,387390862104.765,2362375476020.796,0.0023492687681225207,112083.85654650927,683506.4526940207,1063.0,60.589999999999996
2021-08-31,108.48376884,7590894022.05,31578154528.76,7952.684732617232,556470222610.976,2314918720933.1226,0.0023000081957303513,160937.60984083754,669501.2074046552,1295.0,83.0
2021-09-01,111.03300412,3974443896.04,32279142628.13,8107.21913872676,290199187846.4113,2356903561878.2134,0.002273075890683116,81365.11004599482,660821.0005794801,678.0,40.669999999999995
2021-09-02,128.10239236,5074399603.16,37259468690.41,9358.071915488152,370692502610.3065,2721860077037.9546,0.00259696544035081,102871.14984474897,755345.3977885401,699.0,36.519999999999996
2021-09-03,146.58305168,7526373836.99,42693513644.54,10675.46775419598,548136774899.56195,3109317366516.522,0.0029301739934198606,150451.12398156442,853437.1602662972,1352.0,58.099999999999994
2021-09-04,139.11306214,3970422964.08,40517769039.13,10131.437379985045,289161139966.4869,2950860497797.985,0.0027853459072329557,79496.49862393553,811253.8134612791,833.0,47.309999999999995
2021-09-05,142.07087706,2996918104.87,41399255561.46,10343.853795719726,218198714303.909,3014184579141.6343,0.002745149967359948,57907.643058259295,799932.8743868604,714.0,50.0
2021-09-06,164.3809209,5774090688.36,47900300587.91,12000.333244648185,421527097340.52856,3496875223879.692,0.003123121354948435,109703.64343679756,910071.867559119,951.0,56.0
2021-09-07,173.14892871,17068643415.98,50680710099.99,12708.8196992386,1252807703174.4163,3719872896059.9966,0.0036988838007196716,364627.8905795079,1082663.687234215,1569.0,95.0
2021-09-08,191.04139002,13187213606.22,55944567503.59,13999.646789643586,966368244113.6691,4099657067861.7837,0.004144839045067517,286110.1347984543,1213774.8145782426,1181.0,63.0
2021-09-09,188.19579358,12676272744.01,55154395897.84,13714.09095228074,923737741637.5222,4019178045228.43,0.004056693705648993,273246.04271697276,1188892.0916956034,1739.0,100.0
2021-09-10,179.86522803,7087524572.21,52738113947.81,13163.706511214388,518711117103.92084,3859717976440.4565,0.004007343112496591,157907.91299783,1174989.2962055297,978.0,63.0
2021-09-11,178.86787702,5367389009.73,52475356326.26,13090.713881521042,392820415760.509,3840487665770.8926,0.003957126186708396,118743.71160719122,1160921.7380730645,899.0,54.0
2021-09-12,174.53762157,3012633093.73,51204891389.06,12764.128256794205,220317172040.8155,3744670032661.423,0.003789084453121825,65402.066991238935,1111620.8422048732,918.0,35.28
2021-09-13,169.2695504949435,6437530449.36,49682465101.01,12302.341660421433,467873275529.01385,3610871881076.1396,0.003764634856634606,143173.72173225714,1104961.520461897,795.0,33.12
2021-09-14,158.0948127440064,5799758794.22,46905809822.7,11527.435842785488,422887672552.91614,3420123051479.2485,0.003357112776905553,123156.75646217217,996035.801135784,1845.0,45.36
2021-09-15,159.11738318124713,3908939772.47,47209150397.35,11500.447545497831,282524485464.8892,3412112158693.599,0.0033028113399070744,81138.15316345189,979923.8408925928,1879.0,41.04
2021-09-16,152.47405330757454,3215168471.67,45259139924.99,11055.390440959538,233121255824.90317,3281590880800.229,0.0031909447203552536,67286.36536625994,947173.7024012865,1016.0,30.959999999999997
2021-09-17,147.5930697400483,4675731485.32,43810237550.64,10756.53864473391,340765907930.67957,3192876969619.411,0.0031225050450714334,98920.60093353722,926857.1215341577,758.0,36.0
2021-09-18,169.18422260721866,5415012910.47,50219084923.96,12330.095388347443,394644516411.1846,3659951843532.7656,0.003504348745240666,112162.31280810868,1040198.5748339209,768.0,30.959999999999997
2021-09-19,152.5166971971766,3350530307.68,45292491129.39,11109.850032279017,244064354467.41083,3299263577582.6763,0.003227168764956671,70895.36394173716,958364.0043744033,535.0,12.9
2021-09-20,132.13446623399767,5623667249.62,39239569157.84,9698.00914924354,412749057785.8293,2879988178339.453,0.003084097552175696,131259.76055398892,915875.0372806641,362.0,12.9
2021-09-21,123.95039205067694,5243953819.45,36826034434.14,9052.902809011825,383000033134.36816,2689644663949.826,0.003045937369265153,128864.09342564277,904957.157367698,348.0,14.19
2021-09-22,147.92426150680578,4952222858.98,43948674199.42,10791.208008758542,361269114563.22107,3206095336654.9746,0.003394743014488828,113649.53784772333,1008586.7809295247,329.0,13.33
2021-09-23,149.75357138536114,3389212043.71,44498459172.56,10888.282668286602,246422829274.0613,3235393969518.422,0.003335633125246949,75491.80868877828,991165.2394351483,468.0,11.61
2021-09-24,139.3956404566221,3852350632.01,41439741431.76,10128.403598190715,279909485511.37976,3010986748585.88,0.00325388535036148,89924.67228452438,967319.8324271257,384.0,11.18
2021-09-25,136.17892774904342,2037106948.63,40483409213.9,9894.679182885748,148014968623.24026,2941500223435.5244,0.0031879632179766413,47688.89086338609,947720.9260308368,332.0,10.32
2021-09-26,135.69937624313874,2674182808.76,40359412132.89,9869.673462977189,194498396628.42874,2935416727307.7993,0.0031405684861235,61890.146350245486,934061.0205600233,330.0,10.64
2021-09-27,136.72843126153947,2867246888.12,40665406680.26,9929.163986840078,208218322116.5105,2953105566957.6865,0.003237269138794516,67886.75755710545,962819.9844604274,413.0,9.120000000000001
2021-09-28,131.5372113463068,2422542860.99,39121381241.42,9585.669047094254,176540872960.37994,2850939360863.853,0.0032055238438594112,59036.669731655165,953376.7600099506,329.0,9.5
2021-09-29,135.3514508783679,2428105039.64,40274326399.43,9864.535556322622,176962480583.5236,2935229154884.6284,0.003256430257584519,58417.95317571182,968962.9053832295,335.0,9.88
2021-09-30,141.06904455002442,2244376110.09,41975552359.31,10262.787097919323,163278586446.66794,3053725631695.2144,0.0032214240548194425,51252.11709038093,958545.1898106786,336.0,8.36
